panel,pipeline,readout,contrast,endpoint_role,estimate,ci_low,ci_high,positive
panel001,birdnet,linear,B_minus_A,co_primary,0.59838255343732805,0.53277257458293481,0.66092329935713223,true
panel001,birdnet,linear,B_minus_C,co_primary,0.70166972140461825,0.6484823717098448,0.75164932647138816,true
panel001,birdnet,linear,A_minus_C,secondary_paired_day_context,0.10328716796729036,0.061788751127812812,0.14725890766069311,true
panel001,birdnet,linear,D_minus_A,secondary_descriptive,0.66878084618534905,0.61068930990854486,0.72485478813250603,true
panel001,birdnet,linear,D_minus_B,secondary_descriptive,0.070398292748021216,0.043181224003313701,0.10274017116742198,true
panel001,birdnet,linear,D_minus_C,secondary_descriptive,0.77206801415263948,0.72083743277184509,0.82016210140520418,true
panel001,birdnet,linear,interaction,secondary_descriptive,-0.032888875219269136,-0.078573257622127357,0.011376763438728012,false
panel001,birdnet,centroid,B_minus_A,secondary_readout_robustness,0.46098998681484077,0.37475421777501555,0.5454362849530473,true
panel001,birdnet,centroid,B_minus_C,secondary_readout_robustness,0.4963473747870244,0.41893946991904762,0.5709316401922252,true
panel001,birdnet,centroid,A_minus_C,secondary_paired_day_context,0.035357387972183692,3.7608303777798262e-05,0.07270568073609647,true
panel001,birdnet,centroid,D_minus_A,secondary_descriptive,0.58535615130097474,0.50927988749812192,0.65915206538534121,true
panel001,birdnet,centroid,D_minus_B,secondary_descriptive,0.12436616448613401,0.078232048736919718,0.1724281659591225,true
panel001,birdnet,centroid,D_minus_C,secondary_descriptive,0.62071353927315842,0.54882039048396858,0.68920244576692813,true
panel001,birdnet,centroid,interaction,secondary_descriptive,0.089008776513950311,0.03963405292663414,0.14097780185877382,true
panel001,perch,linear,B_minus_A,co_primary,0.71424785475652175,0.65291578815369111,0.77287791637229997,true
panel001,perch,linear,B_minus_C,co_primary,0.78794041333746911,0.7365671065264946,0.83591951110422646,true
panel001,perch,linear,A_minus_C,secondary_paired_day_context,0.07369255858094742,0.041825550714822503,0.10661693988929864,true
panel001,perch,linear,D_minus_A,secondary_descriptive,0.77598636475576299,0.72477857502167553,0.82480157964642231,true
panel001,perch,linear,D_minus_B,secondary_descriptive,0.061738509999241187,0.036418015521349524,0.092932639572452846,true
panel001,perch,linear,D_minus_C,secondary_descriptive,0.84967892333671025,0.80372933260050328,0.89153393557530258,true
panel001,perch,linear,interaction,secondary_descriptive,-0.011954048581706225,-0.049621358873885309,0.024433108749197519,false
panel001,perch,centroid,B_minus_A,secondary_readout_robustness,0.44722550058244193,0.3687222576746465,0.52425028818766928,true
panel001,perch,centroid,B_minus_C,secondary_readout_robustness,0.46273809564685903,0.38715152803229386,0.5360163424248845,true
panel001,perch,centroid,A_minus_C,secondary_paired_day_context,0.01551259506441709,-0.0055737666872039552,0.038041298405159199,true
panel001,perch,centroid,D_minus_A,secondary_descriptive,0.52487813210438938,0.4475684702544272,0.60108845421012591,true
panel001,perch,centroid,D_minus_B,secondary_descriptive,0.077652631521947388,0.040190842707694671,0.1178288218410775,true
panel001,perch,centroid,D_minus_C,secondary_descriptive,0.54039072716880643,0.46340090618470181,0.61511655160473044,true
panel001,perch,centroid,interaction,secondary_descriptive,0.062140036457530294,0.022315887542606379,0.10501517851705663,true
panel002,birdnet,linear,B_minus_A,co_primary,0.60394327048075258,0.52960628431781553,0.67539355909854859,true
panel002,birdnet,linear,B_minus_C,co_primary,0.68090804951081296,0.61978943424216404,0.73765732908635073,true
panel002,birdnet,linear,A_minus_C,secondary_paired_day_context,0.076964779030060507,0.02777908326823058,0.12737257474887342,true
panel002,birdnet,linear,D_minus_A,secondary_descriptive,0.64523282718942332,0.58067329908168819,0.70814904961163949,true
panel002,birdnet,linear,D_minus_B,secondary_descriptive,0.041289556708670738,0.020566502592630317,0.06847888698623629,true
panel002,birdnet,linear,D_minus_C,secondary_descriptive,0.7221976062194837,0.66365852546369553,0.77575291841948157,true
panel002,birdnet,linear,interaction,secondary_descriptive,-0.035675222321389762,-0.08217825512081918,0.010563614004022392,false
panel002,birdnet,centroid,B_minus_A,secondary_readout_robustness,0.51053561095695354,0.42353020606731401,0.59543247008240308,true
panel002,birdnet,centroid,B_minus_C,secondary_readout_robustness,0.5687932448296471,0.49268987109770923,0.64269419266176742,true
panel002,birdnet,centroid,A_minus_C,secondary_paired_day_context,0.058257633872693594,0.016604857076972273,0.10141084177628021,true
panel002,birdnet,centroid,D_minus_A,secondary_descriptive,0.60101156413872758,0.52884491511037723,0.67231479274861283,true
panel002,birdnet,centroid,D_minus_B,secondary_descriptive,0.090475953181773996,0.047952902645354963,0.13701099188879759,true
panel002,birdnet,centroid,D_minus_C,secondary_descriptive,0.65926919801142103,0.59004030367542282,0.72537362820650897,true
panel002,birdnet,centroid,interaction,secondary_descriptive,0.032218319309080382,-0.019991918891674135,0.085525546462626612,true
panel002,perch,linear,B_minus_A,co_primary,0.71766608471913529,0.66070282174788431,0.77391015654791651,true
panel002,perch,linear,B_minus_C,co_primary,0.75589306962688141,0.70428769771344291,0.80488791836182594,true
panel002,perch,linear,A_minus_C,secondary_paired_day_context,0.038226984907746162,0.0012496068227001473,0.07548741500836266,true
panel002,perch,linear,D_minus_A,secondary_descriptive,0.76039718402918199,0.70409616835916666,0.81524680442077035,true
panel002,perch,linear,D_minus_B,secondary_descriptive,0.042731099310046691,0.021606095201459206,0.067791689475469596,true
panel002,perch,linear,D_minus_C,secondary_descriptive,0.79862416893692822,0.74850789849512966,0.84560292130000791,true
panel002,perch,linear,interaction,secondary_descriptive,0.0045041144023005323,-0.039688665795094724,0.048333700745930588,true
panel002,perch,centroid,B_minus_A,secondary_readout_robustness,0.54492325659507534,0.47174869550665061,0.61799583828433835,true
panel002,perch,centroid,B_minus_C,secondary_readout_robustness,0.55458857517965832,0.47925367339915725,0.62788168065246797,true
panel002,perch,centroid,A_minus_C,secondary_paired_day_context,0.0096653185845829402,-0.01049043090964165,0.031882772229552742,true
panel002,perch,centroid,D_minus_A,secondary_descriptive,0.62805855336490124,0.55965371354866356,0.69493090011266889,true
panel002,perch,centroid,D_minus_B,secondary_descriptive,0.083135296769825742,0.047236120574801012,0.1233139323818898,true
panel002,perch,centroid,D_minus_C,secondary_descriptive,0.63772387194948421,0.56661849001468823,0.70538088211098571,true
panel002,perch,centroid,interaction,secondary_descriptive,0.073469978185242799,0.032842599776164549,0.11769296023882717,true
panel003,birdnet,linear,B_minus_A,co_primary,0.63897279096271997,0.56149080507550253,0.71036031731352112,true
panel003,birdnet,linear,B_minus_C,co_primary,0.71951196213884827,0.65948396747283522,0.77693277437614994,true
panel003,birdnet,linear,A_minus_C,secondary_paired_day_context,0.08053917117612841,0.031838752715602527,0.13088770333085165,true
panel003,birdnet,linear,D_minus_A,secondary_descriptive,0.69789530155818458,0.63875238196374462,0.75479499206977374,true
panel003,birdnet,linear,D_minus_B,secondary_descriptive,0.058922510595464668,0.029988632884337538,0.094725716159557757,true
panel003,birdnet,linear,D_minus_C,secondary_descriptive,0.77843447273431288,0.72409024216859985,0.83064873776488701,true
panel003,birdnet,linear,interaction,secondary_descriptive,-0.021616660580663728,-0.066529169306610611,0.023649225691942839,false
panel003,birdnet,centroid,B_minus_A,secondary_readout_robustness,0.58505790018488013,0.50243575118814021,0.66346590566224373,true
panel003,birdnet,centroid,B_minus_C,secondary_readout_robustness,0.61895062538154322,0.54642962226067038,0.68818586404509918,true
panel003,birdnet,centroid,A_minus_C,secondary_paired_day_context,0.033892725196663004,-0.008158176437040001,0.078558204032064177,true
panel003,birdnet,centroid,D_minus_A,secondary_descriptive,0.67763525020804616,0.6126405737345646,0.74115843950561111,true
panel003,birdnet,centroid,D_minus_B,secondary_descriptive,0.092577350023165819,0.051110829677405607,0.13774462775056093,true
panel003,birdnet,centroid,D_minus_C,secondary_descriptive,0.71152797540470913,0.64599447306038915,0.77299678914924941,true
panel003,birdnet,centroid,interaction,secondary_descriptive,0.058684624826502781,0.011884760252097119,0.10646023013780527,true
panel003,perch,linear,B_minus_A,co_primary,0.74589321224997107,0.68427568364328628,0.80373106615470058,true
panel003,perch,linear,B_minus_C,co_primary,0.81314728946417547,0.7644192850118795,0.85849194613787738,true
panel003,perch,linear,A_minus_C,secondary_paired_day_context,0.067254077214204303,0.034828741052594807,0.10120725919115958,true
panel003,perch,linear,D_minus_A,secondary_descriptive,0.79240525263432815,0.74008300560256979,0.84186850421196513,true
panel003,perch,linear,D_minus_B,secondary_descriptive,0.046512040384357148,0.022968048305996729,0.075509637398818982,true
panel003,perch,linear,D_minus_C,secondary_descriptive,0.85965932984853255,0.8156982679293372,0.89955718930380657,true
panel003,perch,linear,interaction,secondary_descriptive,-0.020742036829847151,-0.056464705202814505,0.015789304005323971,false
panel003,perch,centroid,B_minus_A,secondary_readout_robustness,0.54272433833030276,0.47042133237776379,0.61432717278296955,true
panel003,perch,centroid,B_minus_C,secondary_readout_robustness,0.55341738645958527,0.48291363955031791,0.62403166255989706,true
panel003,perch,centroid,A_minus_C,secondary_paired_day_context,0.010693048129282486,-0.0067176631332006281,0.030697790790957028,true
panel003,perch,centroid,D_minus_A,secondary_descriptive,0.67341176016228199,0.60418422716190412,0.74118353814182336,true
panel003,perch,centroid,D_minus_B,secondary_descriptive,0.13068742183197923,0.085623753872513017,0.17941846232565078,true
panel003,perch,centroid,D_minus_C,secondary_descriptive,0.68410480829156461,0.61356342189051505,0.75159755526714667,true
panel003,perch,centroid,interaction,secondary_descriptive,0.11999437370269674,0.07285259875846832,0.17104215021042751,true
panel004,birdnet,linear,B_minus_A,co_primary,0.5776838623290772,0.50581464373055907,0.64526340265949167,true
panel004,birdnet,linear,B_minus_C,co_primary,0.67141626060021198,0.61131302864428927,0.72972743554465225,true
panel004,birdnet,linear,A_minus_C,secondary_paired_day_context,0.093732398271134748,0.042901677361633771,0.14422438674576121,true
panel004,birdnet,linear,D_minus_A,secondary_descriptive,0.64215208128145973,0.58122929299562043,0.70131606410864877,true
panel004,birdnet,linear,D_minus_B,secondary_descriptive,0.064468218952382431,0.037178795867951975,0.097612256593669261,true
panel004,birdnet,linear,D_minus_C,secondary_descriptive,0.73588447955259451,0.67515414272165764,0.79244827079155966,true
panel004,birdnet,linear,interaction,secondary_descriptive,-0.029264179318752331,-0.077241898567295339,0.01851786423517807,false
panel004,birdnet,centroid,B_minus_A,secondary_readout_robustness,0.50452891814053802,0.42765762447097738,0.57860154200975678,true
panel004,birdnet,centroid,B_minus_C,secondary_readout_robustness,0.55598122197360711,0.48577450924356419,0.62330097989683042,true
panel004,birdnet,centroid,A_minus_C,secondary_paired_day_context,0.051452303833069077,0.012956413660844435,0.090256798843779795,true
panel004,birdnet,centroid,D_minus_A,secondary_descriptive,0.59548623726118299,0.52773958054868098,0.66113634033659263,true
panel004,birdnet,centroid,D_minus_B,secondary_descriptive,0.090957319120644822,0.048081720913851704,0.13683689215112382,true
panel004,birdnet,centroid,D_minus_C,secondary_descriptive,0.64693854109425197,0.57965883443310551,0.71139494250669744,true
panel004,birdnet,centroid,interaction,secondary_descriptive,0.039505015287575738,-0.011898865362252089,0.092707451601498514,true
panel004,perch,linear,B_minus_A,co_primary,0.71489309111288302,0.65043094113150879,0.77552760606527249,true
panel004,perch,linear,B_minus_C,co_primary,0.77954079098443918,0.72884710445418233,0.82788900025616008,true
panel004,perch,linear,A_minus_C,secondary_paired_day_context,0.064647699871556025,0.027618902376188165,0.1035797953490686,true
panel004,perch,linear,D_minus_A,secondary_descriptive,0.76706459613750366,0.71313821200709038,0.81948669340154123,true
panel004,perch,linear,D_minus_B,secondary_descriptive,0.052171505024620445,0.030154825859764083,0.079114534610491338,true
panel004,perch,linear,D_minus_C,secondary_descriptive,0.83171229600905972,0.78568642984154036,0.87566634883744288,true
panel004,perch,linear,interaction,secondary_descriptive,-0.012476194846935587,-0.050774399984428037,0.024165900868175629,false
panel004,perch,centroid,B_minus_A,secondary_readout_robustness,0.48117750758134331,0.4043229663521854,0.55735667200233219,true
panel004,perch,centroid,B_minus_C,secondary_readout_robustness,0.51259102696060199,0.44228318029122826,0.58319938382948167,true
panel004,perch,centroid,A_minus_C,secondary_paired_day_context,0.031413519379258591,0.0035349617934360951,0.063577328032630762,true
panel004,perch,centroid,D_minus_A,secondary_descriptive,0.53762464692169021,0.46577951094763459,0.61031089361326096,true
panel004,perch,centroid,D_minus_B,secondary_descriptive,0.056447139340347029,0.01786017541136984,0.097444236302449735,true
panel004,perch,centroid,D_minus_C,secondary_descriptive,0.56903816630094883,0.50071039334098133,0.63697153084443225,true
panel004,perch,centroid,interaction,secondary_descriptive,0.025033619961088424,-0.020463508252829964,0.071222356228892406,true
panel005,birdnet,linear,B_minus_A,co_primary,0.65571182516260218,0.59461891899640018,0.71337745294848931,true
panel005,birdnet,linear,B_minus_C,co_primary,0.75300816820802585,0.70134305161960298,0.80222156824456647,true
panel005,birdnet,linear,A_minus_C,secondary_paired_day_context,0.097296343045423686,0.057118063184258189,0.13961743054217557,true
panel005,birdnet,linear,D_minus_A,secondary_descriptive,0.70030359450342894,0.6427020625059755,0.75455087620586925,true
panel005,birdnet,linear,D_minus_B,secondary_descriptive,0.04459176934082678,0.025036706361660485,0.069491008475598429,true
panel005,birdnet,linear,D_minus_C,secondary_descriptive,0.79759993754885272,0.74793062455326165,0.84424696118398335,true
panel005,birdnet,linear,interaction,secondary_descriptive,-0.052704573704596934,-0.097794391251255428,-0.0072678857283084873,false
panel005,birdnet,centroid,B_minus_A,secondary_readout_robustness,0.52620125578888277,0.45578190057022439,0.59681348255515476,true
panel005,birdnet,centroid,B_minus_C,secondary_readout_robustness,0.57881291132519941,0.50615838884609798,0.64765880862298186,true
panel005,birdnet,centroid,A_minus_C,secondary_paired_day_context,0.052611655536316616,0.017188769791696663,0.088411121095860953,true
panel005,birdnet,centroid,D_minus_A,secondary_descriptive,0.63191776042570391,0.56268756168531242,0.69853686494586897,true
panel005,birdnet,centroid,D_minus_B,secondary_descriptive,0.10571650463682107,0.064749518647626375,0.14813126228469659,true
panel005,birdnet,centroid,D_minus_C,secondary_descriptive,0.68452941596202066,0.61888749740525184,0.74894493985978083,true
panel005,birdnet,centroid,interaction,secondary_descriptive,0.053104849100504468,-0.0033032302655051299,0.10942510694829571,true
panel005,perch,linear,B_minus_A,co_primary,0.72744195150628077,0.67285934353443022,0.7788604404024857,true
panel005,perch,linear,B_minus_C,co_primary,0.79747060557964555,0.74811169943253941,0.84386692485986792,true
panel005,perch,linear,A_minus_C,secondary_paired_day_context,0.070028654073364865,0.041083331109790129,0.10102571655804353,true
panel005,perch,linear,D_minus_A,secondary_descriptive,0.77867991134793191,0.72752739280837009,0.82766352186330427,true
panel005,perch,linear,D_minus_B,secondary_descriptive,0.051237959841651123,0.027069102175605743,0.081039249008035746,true
panel005,perch,linear,D_minus_C,secondary_descriptive,0.84870856542129669,0.80518580612052304,0.88931165748496921,true
panel005,perch,linear,interaction,secondary_descriptive,-0.018790694231713739,-0.059436808044620509,0.025157369956047927,false
panel005,perch,centroid,B_minus_A,secondary_readout_robustness,0.52532080091857269,0.45447358506133773,0.5971100029349139,true
panel005,perch,centroid,B_minus_C,secondary_readout_robustness,0.54108951299008645,0.47266334662115467,0.60964683923125951,true
panel005,perch,centroid,A_minus_C,secondary_paired_day_context,0.015768712071513626,0.0028005147744562622,0.03093222384425522,true
panel005,perch,centroid,D_minus_A,secondary_descriptive,0.62939749248214805,0.55948622647129076,0.69649920878165827,true
panel005,perch,centroid,D_minus_B,secondary_descriptive,0.10407669156357535,0.065111875748736794,0.14714651264778372,true
panel005,perch,centroid,D_minus_C,secondary_descriptive,0.64516620455366158,0.57683403206421691,0.71189545343220362,true
panel005,perch,centroid,interaction,secondary_descriptive,0.088307979492061733,0.049878759917276173,0.12964866270776984,true
panel006,birdnet,linear,B_minus_A,co_primary,0.68184739433171315,0.62042614014748521,0.74235555980458057,true
panel006,birdnet,linear,B_minus_C,co_primary,0.72443578361910355,0.67183674786204084,0.77521284807257673,true
panel006,birdnet,linear,A_minus_C,secondary_paired_day_context,0.042588389287390442,0.00040698376445679829,0.086194563692305451,true
panel006,birdnet,linear,D_minus_A,secondary_descriptive,0.7451541597102409,0.68932445734148973,0.80019406793074788,true
panel006,birdnet,linear,D_minus_B,secondary_descriptive,0.063306765378527599,0.036367690029440271,0.095326939525748999,true
panel006,birdnet,linear,D_minus_C,secondary_descriptive,0.78774254899763108,0.73848279655472149,0.83487607564137001,true
panel006,birdnet,linear,interaction,secondary_descriptive,0.02071837609113716,-0.028335613728683689,0.069329891464317256,true
panel006,birdnet,centroid,B_minus_A,secondary_readout_robustness,0.57353694460200699,0.49786113006733557,0.64738165194460495,true
panel006,birdnet,centroid,B_minus_C,secondary_readout_robustness,0.56489404366048601,0.49287459784989018,0.63629151954905039,true
panel006,birdnet,centroid,A_minus_C,secondary_paired_day_context,-0.0086429009415210107,-0.042271660668071545,0.022787545123831566,false
panel006,birdnet,centroid,D_minus_A,secondary_descriptive,0.66413829842475058,0.59625537001174844,0.7301666055083742,true
panel006,birdnet,centroid,D_minus_B,secondary_descriptive,0.090601353822743619,0.048215124981365036,0.13687871912656399,true
panel006,birdnet,centroid,D_minus_C,secondary_descriptive,0.6554953974832296,0.58890570608590853,0.72094478139714202,true
panel006,birdnet,centroid,interaction,secondary_descriptive,0.099244254764264642,0.048230836883201164,0.15221628513996435,true
panel006,perch,linear,B_minus_A,co_primary,0.76112236205073425,0.70783161342117062,0.81150826139272025,true
panel006,perch,linear,B_minus_C,co_primary,0.78443131099521457,0.73488914731036303,0.83136657596120134,true
panel006,perch,linear,A_minus_C,secondary_paired_day_context,0.023308948944480292,-0.0064521320766051478,0.053546712907124053,true
panel006,perch,linear,D_minus_A,secondary_descriptive,0.80769044711273008,0.75719509838658072,0.85528331022358495,true
panel006,perch,linear,D_minus_B,secondary_descriptive,0.04656808506199564,0.026598496806662934,0.070187253178232878,true
panel006,perch,linear,D_minus_C,secondary_descriptive,0.83099939605721018,0.78247318732594129,0.87644647156581335,true
panel006,perch,linear,interaction,secondary_descriptive,0.023259136117515344,-0.012124693359485191,0.059562138760523263,true
panel006,perch,centroid,B_minus_A,secondary_readout_robustness,0.53971224535944551,0.46829727028400653,0.61049248282656121,true
panel006,perch,centroid,B_minus_C,secondary_readout_robustness,0.54086049057900509,0.46962276540409392,0.61103661546208776,true
panel006,perch,centroid,A_minus_C,secondary_paired_day_context,0.0011482452195595825,-0.017084975036967293,0.019809096376366846,true
panel006,perch,centroid,D_minus_A,secondary_descriptive,0.61130288990987458,0.53959971957470909,0.68350645914709762,true
panel006,perch,centroid,D_minus_B,secondary_descriptive,0.071590644550429086,0.038546184424711818,0.10823183017127486,true
panel006,perch,centroid,D_minus_C,secondary_descriptive,0.61245113512943428,0.53845714279421686,0.68498232074467491,true
panel006,perch,centroid,interaction,secondary_descriptive,0.070442399330869501,0.033785870504726333,0.10896104284985571,true
panel007,birdnet,linear,B_minus_A,co_primary,0.63293210564020386,0.5677006365551166,0.69636032115334379,true
panel007,birdnet,linear,B_minus_C,co_primary,0.69604269717458089,0.63975034811106235,0.75090743478907895,true
panel007,birdnet,linear,A_minus_C,secondary_paired_day_context,0.063110591534376939,0.016107763756048915,0.11116245521428704,true
panel007,birdnet,linear,D_minus_A,secondary_descriptive,0.68082207002431916,0.62011693245502619,0.73968126257567302,true
panel007,birdnet,linear,D_minus_B,secondary_descriptive,0.047889964384115254,0.026045766400083221,0.074255000922674536,true
panel007,birdnet,linear,D_minus_C,secondary_descriptive,0.7439326615586962,0.68737127908022067,0.79631824480727531,true
panel007,birdnet,linear,interaction,secondary_descriptive,-0.015220627150261699,-0.064635371140573883,0.032840888878358523,false
panel007,birdnet,centroid,B_minus_A,secondary_readout_robustness,0.56821434734105247,0.49041952858774168,0.6420156029558024,true
panel007,birdnet,centroid,B_minus_C,secondary_readout_robustness,0.59280618675559282,0.51703354264733237,0.66473161089150401,true
panel007,birdnet,centroid,A_minus_C,secondary_paired_day_context,0.024591839414540403,-0.012513433049120648,0.061305849586715352,true
panel007,birdnet,centroid,D_minus_A,secondary_descriptive,0.70515633243116815,0.64709825187487569,0.76123610999445823,true
panel007,birdnet,centroid,D_minus_B,secondary_descriptive,0.13694198509011563,0.091387146022654728,0.18642256552986522,true
panel007,birdnet,centroid,D_minus_C,secondary_descriptive,0.72974817184570862,0.66434009473475519,0.78926825829770431,true
panel007,birdnet,centroid,interaction,secondary_descriptive,0.11235014567557519,0.06006996478561024,0.16624977048757661,true
panel007,perch,linear,B_minus_A,co_primary,0.73938227983600513,0.67584051271682721,0.8003232631154491,true
panel007,perch,linear,B_minus_C,co_primary,0.78609924544719989,0.73315777513369995,0.83675212751295791,true
panel007,perch,linear,A_minus_C,secondary_paired_day_context,0.046716965611194879,0.014019964959408946,0.079469696417549265,true
panel007,perch,linear,D_minus_A,secondary_descriptive,0.77322170394216616,0.71751894855221643,0.82629095867911495,true
panel007,perch,linear,D_minus_B,secondary_descriptive,0.033839424106161059,0.016532767865880215,0.056963260856286176,true
panel007,perch,linear,D_minus_C,secondary_descriptive,0.81993866955336092,0.76927663874277707,0.86700905526607797,true
panel007,perch,linear,interaction,secondary_descriptive,-0.012877541505033825,-0.044414744885701289,0.018269265320720447,false
panel007,perch,centroid,B_minus_A,secondary_readout_robustness,0.53116139861688294,0.4549986403262265,0.60606051639994707,true
panel007,perch,centroid,B_minus_C,secondary_readout_robustness,0.55010641907468782,0.47613263984497606,0.62099218632801478,true
panel007,perch,centroid,A_minus_C,secondary_paired_day_context,0.018945020457804961,0.000549355117588146,0.040637508554242203,true
panel007,perch,centroid,D_minus_A,secondary_descriptive,0.64799281824017285,0.57642391193187792,0.71681490531196812,true
panel007,perch,centroid,D_minus_B,secondary_descriptive,0.11683141962329009,0.076283593289835291,0.16009623023706335,true
panel007,perch,centroid,D_minus_C,secondary_descriptive,0.66693783869797785,0.59665452805619434,0.73361453184771186,true
panel007,perch,centroid,interaction,secondary_descriptive,0.097886399165485152,0.055875567052183751,0.14214719495238554,true
panel008,birdnet,linear,B_minus_A,co_primary,0.59663175769034826,0.52347930279498289,0.6667506199591442,true
panel008,birdnet,linear,B_minus_C,co_primary,0.70061404876387379,0.64103811811141742,0.75855478627118234,true
panel008,birdnet,linear,A_minus_C,secondary_paired_day_context,0.10398229107352568,0.058249844863016223,0.15161297231962792,true
panel008,birdnet,linear,D_minus_A,secondary_descriptive,0.65519443287332502,0.59490161280630194,0.71474490942219093,true
panel008,birdnet,linear,D_minus_B,secondary_descriptive,0.058562675182976767,0.030002201676395758,0.092840102771332839,true
panel008,birdnet,linear,D_minus_C,secondary_descriptive,0.75917672394685054,0.70383066827181739,0.81149496623669259,true
panel008,birdnet,linear,interaction,secondary_descriptive,-0.045419615890548895,-0.092705007634369188,0.0012763999455868084,false
panel008,birdnet,centroid,B_minus_A,secondary_readout_robustness,0.52159253683354623,0.44055186894004911,0.60120708653403399,true
panel008,birdnet,centroid,B_minus_C,secondary_readout_robustness,0.56717031252267347,0.49132448473913615,0.64066915944470038,true
panel008,birdnet,centroid,A_minus_C,secondary_paired_day_context,0.045577775689127235,0.013520619012270091,0.079508731622673509,true
panel008,birdnet,centroid,D_minus_A,secondary_descriptive,0.63764431076229089,0.56952759722350144,0.70276292762757242,true
panel008,birdnet,centroid,D_minus_B,secondary_descriptive,0.11605177392874466,0.0683501536547204,0.16629360168344301,true
panel008,birdnet,centroid,D_minus_C,secondary_descriptive,0.68322208645141813,0.62376926296341262,0.74068355358102145,true
panel008,birdnet,centroid,interaction,secondary_descriptive,0.070473998239617419,0.011355351180240544,0.13048615688812232,true
panel008,perch,linear,B_minus_A,co_primary,0.74192381317041312,0.68820463450307001,0.7940810189729125,true
panel008,perch,linear,B_minus_C,co_primary,0.77454075637903863,0.72760612313377437,0.8204141682596211,true
panel008,perch,linear,A_minus_C,secondary_paired_day_context,0.032616943208625411,0.0062774840514243091,0.059380943253782091,true
panel008,perch,linear,D_minus_A,secondary_descriptive,0.80623943509595741,0.75228798162488242,0.85647195427304423,true
panel008,perch,linear,D_minus_B,secondary_descriptive,0.064315621925544159,0.04144076031234592,0.091213945243466724,true
panel008,perch,linear,D_minus_C,secondary_descriptive,0.83885637830458282,0.79277802713477086,0.88062995712204695,true
panel008,perch,linear,interaction,secondary_descriptive,0.031698678716918748,-0.0051176061412393208,0.069274178125090013,true
panel008,perch,centroid,B_minus_A,secondary_readout_robustness,0.50634702228896467,0.42876234757849258,0.58112840394540732,true
panel008,perch,centroid,B_minus_C,secondary_readout_robustness,0.51529137022109106,0.43831616170240123,0.58865311755983141,true
panel008,perch,centroid,A_minus_C,secondary_paired_day_context,0.0089443479321263553,-0.0056412357368092114,0.025045695457483648,true
panel008,perch,centroid,D_minus_A,secondary_descriptive,0.55993797033157044,0.48791674781453331,0.62942616204090995,true
panel008,perch,centroid,D_minus_B,secondary_descriptive,0.0535909480426058,0.018535781663361364,0.091639057573799393,true
panel008,perch,centroid,D_minus_C,secondary_descriptive,0.56888231826369673,0.49638540937008013,0.63776629884080915,true
panel008,perch,centroid,interaction,secondary_descriptive,0.044646600110479447,0.0071307685861604613,0.083616763011246625,true
panel009,birdnet,linear,B_minus_A,co_primary,0.65547609683819796,0.59207186930117395,0.71528532061581607,true
panel009,birdnet,linear,B_minus_C,co_primary,0.6979427345238739,0.64080912091157927,0.75310030717620258,true
panel009,birdnet,linear,A_minus_C,secondary_paired_day_context,0.042466637685675858,-0.0029556591917356146,0.090226668697191967,true
panel009,birdnet,linear,D_minus_A,secondary_descriptive,0.70459921469855313,0.6459058973034415,0.76014133263740846,true
panel009,birdnet,linear,D_minus_B,secondary_descriptive,0.049123117860355253,0.026343040740581591,0.076656104743988068,true
panel009,birdnet,linear,D_minus_C,secondary_descriptive,0.74706585238422918,0.69067353335917314,0.79999164771538833,true
panel009,birdnet,linear,interaction,secondary_descriptive,0.0066564801746793849,-0.042814881726489132,0.054852504750779442,true
panel009,birdnet,centroid,B_minus_A,secondary_readout_robustness,0.52947819701371102,0.449445929328807,0.60720753357305457,true
panel009,birdnet,centroid,B_minus_C,secondary_readout_robustness,0.52611522279262624,0.44749499482891802,0.59883839187736443,true
panel009,birdnet,centroid,A_minus_C,secondary_paired_day_context,-0.0033629742210848691,-0.041305854114863712,0.03628143598463833,false
panel009,birdnet,centroid,D_minus_A,secondary_descriptive,0.58970766993071622,0.51655580386672462,0.65855062922538987,true
panel009,birdnet,centroid,D_minus_B,secondary_descriptive,0.060229472917005013,0.010966564910324448,0.11106229585289544,true
panel009,birdnet,centroid,D_minus_C,secondary_descriptive,0.58634469570963121,0.51405569457866862,0.65633791311836676,true
panel009,birdnet,centroid,interaction,secondary_descriptive,0.063592447138089869,0.0033387744185233307,0.12444004939948494,true
panel009,perch,linear,B_minus_A,co_primary,0.72616669973444248,0.67144515530142967,0.77877363890322238,true
panel009,perch,linear,B_minus_C,co_primary,0.77984492064411226,0.72906547428986601,0.82815389689470698,true
panel009,perch,linear,A_minus_C,secondary_paired_day_context,0.053678220909669526,0.022746707178266115,0.084949553598124866,true
panel009,perch,linear,D_minus_A,secondary_descriptive,0.77840750981023987,0.72825418202047143,0.82609584605103548,true
panel009,perch,linear,D_minus_B,secondary_descriptive,0.052240810075797499,0.027755460688535554,0.081760049121218495,true
panel009,perch,linear,D_minus_C,secondary_descriptive,0.83208573071990966,0.78623259610179574,0.87522230642666898,true
panel009,perch,linear,interaction,secondary_descriptive,-0.0014374108338720299,-0.041919661330663202,0.041183265321106811,false
panel009,perch,centroid,B_minus_A,secondary_readout_robustness,0.49629454132967554,0.42347313896145783,0.56817186851961443,true
panel009,perch,centroid,B_minus_C,secondary_readout_robustness,0.49421241022923257,0.42015225915978832,0.56531172173134292,true
panel009,perch,centroid,A_minus_C,secondary_paired_day_context,-0.0020821311004430138,-0.026875415747424348,0.022472222711365161,false
panel009,perch,centroid,D_minus_A,secondary_descriptive,0.55680130933943761,0.48778809732760442,0.62537211078446753,true
panel009,perch,centroid,D_minus_B,secondary_descriptive,0.060506768009761965,0.019922812812262301,0.10098426500185438,true
panel009,perch,centroid,D_minus_C,secondary_descriptive,0.55471917823899453,0.48317178753216866,0.62335779125165669,true
panel009,perch,centroid,interaction,secondary_descriptive,0.062588899110204974,0.016236618369553056,0.10949406838275307,true
panel010,birdnet,linear,B_minus_A,co_primary,0.61338704479555251,0.54305544988353693,0.67884889685315908,true
panel010,birdnet,linear,B_minus_C,co_primary,0.73449358570876444,0.68120208522189751,0.78397887641078023,true
panel010,birdnet,linear,A_minus_C,secondary_paired_day_context,0.12110654091321194,0.073014151126077911,0.17003351389772259,true
panel010,birdnet,linear,D_minus_A,secondary_descriptive,0.66884335010001539,0.60802717819830809,0.7285343670683696,true
panel010,birdnet,linear,D_minus_B,secondary_descriptive,0.055456305304462883,0.030382811187709722,0.085833612269806375,true
panel010,birdnet,linear,D_minus_C,secondary_descriptive,0.78994989101322732,0.74068701246085999,0.83612651629623891,true
panel010,birdnet,linear,interaction,secondary_descriptive,-0.065650235608749052,-0.11497824873542109,-0.017596595059765314,false
panel010,birdnet,centroid,B_minus_A,secondary_readout_robustness,0.49831237919751498,0.42114265012834962,0.57401866179572891,true
panel010,birdnet,centroid,B_minus_C,secondary_readout_robustness,0.5435916535513472,0.46708399944299256,0.61544329857831825,true
panel010,birdnet,centroid,A_minus_C,secondary_paired_day_context,0.045279274353832215,0.01285328934436614,0.078277583121868749,true
panel010,birdnet,centroid,D_minus_A,secondary_descriptive,0.6047921189748835,0.53393136696338062,0.67207694950076269,true
panel010,birdnet,centroid,D_minus_B,secondary_descriptive,0.1064797397773684,0.06204796742110278,0.15338299071455702,true
panel010,birdnet,centroid,D_minus_C,secondary_descriptive,0.65007139332871577,0.58055869332220067,0.7166715269230679,true
panel010,birdnet,centroid,interaction,secondary_descriptive,0.061200465423536181,0.0079402793579951576,0.11736097637597881,true
panel010,perch,linear,B_minus_A,co_primary,0.75933682843464523,0.70018115117670654,0.81479524008606363,true
panel010,perch,linear,B_minus_C,co_primary,0.80747144657540382,0.75764307341672077,0.85557131804146735,true
panel010,perch,linear,A_minus_C,secondary_paired_day_context,0.048134618140758853,0.013494284548132054,0.083373052994577146,true
panel010,perch,linear,D_minus_A,secondary_descriptive,0.79752803560829422,0.74763878869590372,0.84559851384127172,true
panel010,perch,linear,D_minus_B,secondary_descriptive,0.038191207173649072,0.019155828185587167,0.063476944234338514,true
panel010,perch,linear,D_minus_C,secondary_descriptive,0.84566265374905292,0.79778530070206888,0.88990966883462219,true
panel010,perch,linear,interaction,secondary_descriptive,-0.0099434109671097948,-0.044117632802583594,0.024734293282232329,false
panel010,perch,centroid,B_minus_A,secondary_readout_robustness,0.54537974359323382,0.47152616290979266,0.61794508375234514,true
panel010,perch,centroid,B_minus_C,secondary_readout_robustness,0.55104178021490369,0.47693925964977452,0.62426844706786133,true
panel010,perch,centroid,A_minus_C,secondary_paired_day_context,0.0056620366216698585,-0.0097515177962163111,0.02114508446042445,true
panel010,perch,centroid,D_minus_A,secondary_descriptive,0.59217215983759008,0.52249935200404274,0.66080817055722052,true
panel010,perch,centroid,D_minus_B,secondary_descriptive,0.046792416244356171,0.0095832417067586387,0.085268433739292049,true
panel010,perch,centroid,D_minus_C,secondary_descriptive,0.59783419645925984,0.52798709694185786,0.66613136165661402,true
panel010,perch,centroid,interaction,secondary_descriptive,0.041130379622686314,0.00051280813321960658,0.082990891573755721,true
panel011,birdnet,linear,B_minus_A,co_primary,0.57592475826296585,0.50181758360981199,0.64827677872309231,true
panel011,birdnet,linear,B_minus_C,co_primary,0.68350280093585203,0.62482835435132122,0.74228358554212159,true
panel011,birdnet,linear,A_minus_C,secondary_paired_day_context,0.10757804267288607,0.058874102963247042,0.15837160584603716,true
panel011,birdnet,linear,D_minus_A,secondary_descriptive,0.64808451214671636,0.58577157459408713,0.7098013777479758,true
panel011,birdnet,linear,D_minus_B,secondary_descriptive,0.072159753883750399,0.041225660330673777,0.10783585597014876,true
panel011,birdnet,linear,D_minus_C,secondary_descriptive,0.75566255481960243,0.70054435541207782,0.80635455195329608,true
panel011,birdnet,linear,interaction,secondary_descriptive,-0.035418288789135624,-0.087924396959844511,0.01593801575658297,false
panel011,birdnet,centroid,B_minus_A,secondary_readout_robustness,0.49955654691600582,0.41795791479256306,0.57910027074564407,true
panel011,birdnet,centroid,B_minus_C,secondary_readout_robustness,0.55934049464776847,0.48717033495588424,0.630306039115758,true
panel011,birdnet,centroid,A_minus_C,secondary_paired_day_context,0.059783947731762613,0.020093710570917453,0.10112436140941636,true
panel011,birdnet,centroid,D_minus_A,secondary_descriptive,0.6010736561628004,0.52702029457942534,0.67097677822587598,true
panel011,birdnet,centroid,D_minus_B,secondary_descriptive,0.1015171092467945,0.054699999450368367,0.15200587242009669,true
panel011,birdnet,centroid,D_minus_C,secondary_descriptive,0.66085760389456305,0.58985020439464497,0.72644920244606936,true
panel011,birdnet,centroid,interaction,secondary_descriptive,0.04173316151503189,-0.011547514993189364,0.096698961694590524,true
panel011,perch,linear,B_minus_A,co_primary,0.6951316488255479,0.63704783693200728,0.75261074077450363,true
panel011,perch,linear,B_minus_C,co_primary,0.73735907215649366,0.67990481591678109,0.7927418665395205,true
panel011,perch,linear,A_minus_C,secondary_paired_day_context,0.042227423330945688,0.0094672038005694428,0.075844970609084378,true
panel011,perch,linear,D_minus_A,secondary_descriptive,0.75481110693097742,0.70208067267481655,0.80523361875898591,true
panel011,perch,linear,D_minus_B,secondary_descriptive,0.059679458105429579,0.033857209222433036,0.09059076014437549,true
panel011,perch,linear,D_minus_C,secondary_descriptive,0.79703853026192306,0.74495594434069445,0.84585935656771771,true
panel011,perch,linear,interaction,secondary_descriptive,0.017452034774483888,-0.024563427636148095,0.060213684685503255,true
panel011,perch,centroid,B_minus_A,secondary_readout_robustness,0.4987664869682838,0.41864473917753975,0.57627987547398896,true
panel011,perch,centroid,B_minus_C,secondary_readout_robustness,0.52254438751232601,0.44650703332453445,0.5967941188641287,true
panel011,perch,centroid,A_minus_C,secondary_paired_day_context,0.02377790054404218,0.0025311941027439597,0.048365046957933061,true
panel011,perch,centroid,D_minus_A,secondary_descriptive,0.61597318879953389,0.5394152653955997,0.68826732929162615,true
panel011,perch,centroid,D_minus_B,secondary_descriptive,0.11720670183125004,0.073450877706255358,0.16408545260153626,true
panel011,perch,centroid,D_minus_C,secondary_descriptive,0.63975108934357605,0.56757804504499465,0.71050613825354414,true
panel011,perch,centroid,interaction,secondary_descriptive,0.093428801287207847,0.043282810596927845,0.14358657948133105,true
panel012,birdnet,linear,B_minus_A,co_primary,0.65544151513772908,0.59758694333877749,0.71327380359513792,true
panel012,birdnet,linear,B_minus_C,co_primary,0.7018027218213917,0.64514026045993045,0.75653118735896052,true
panel012,birdnet,linear,A_minus_C,secondary_paired_day_context,0.046361206683662448,0.0060916099194465792,0.086615466647980283,true
panel012,birdnet,linear,D_minus_A,secondary_descriptive,0.69819190533617281,0.64064876434969187,0.75413859794256732,true
panel012,birdnet,linear,D_minus_B,secondary_descriptive,0.042750390198443615,0.029254090787455566,0.05712511659263339,true
panel012,birdnet,linear,D_minus_C,secondary_descriptive,0.74455311201983521,0.68816752427241201,0.79880877853907228,true
panel012,birdnet,linear,interaction,secondary_descriptive,-0.0036108164852188237,-0.045593725525564364,0.037241757730323968,false
panel012,birdnet,centroid,B_minus_A,secondary_readout_robustness,0.5272934270815306,0.45898521405257214,0.5962045703430191,true
panel012,birdnet,centroid,B_minus_C,secondary_readout_robustness,0.5386206473698717,0.47239782291837562,0.60484919873444065,true
panel012,birdnet,centroid,A_minus_C,secondary_paired_day_context,0.011327220288341107,-0.020328895375632327,0.042467487692638133,true
panel012,birdnet,centroid,D_minus_A,secondary_descriptive,0.63616237402804487,0.57394051863076401,0.69851612711118694,true
panel012,birdnet,centroid,D_minus_B,secondary_descriptive,0.10886894694651415,0.062933792575602734,0.15728480203545195,true
panel012,birdnet,centroid,D_minus_C,secondary_descriptive,0.64748959431638586,0.58418957984444819,0.70890976728520594,true
panel012,birdnet,centroid,interaction,secondary_descriptive,0.097541726658173053,0.044683175699546294,0.15283262253728289,true
panel012,perch,linear,B_minus_A,co_primary,0.77102518283386356,0.71824052762851132,0.82178402387869609,true
panel012,perch,linear,B_minus_C,co_primary,0.7760272005207749,0.72206339550010779,0.82597921738259117,true
panel012,perch,linear,A_minus_C,secondary_paired_day_context,0.0050020176869114358,-0.026322553361552592,0.036082232480003085,true
panel012,perch,linear,D_minus_A,secondary_descriptive,0.80030957073958642,0.74821388991470328,0.84921260631579631,true
panel012,perch,linear,D_minus_B,secondary_descriptive,0.029284387905722846,0.018169167115145442,0.04202311720931131,true
panel012,perch,linear,D_minus_C,secondary_descriptive,0.80531158842649775,0.75174397358456313,0.85385697219818768,true
panel012,perch,linear,interaction,secondary_descriptive,0.024282370218811411,-0.0086423278899115906,0.057170105178147891,true
panel012,perch,centroid,B_minus_A,secondary_readout_robustness,0.51684904452493585,0.44471071165272091,0.58948256080159078,true
panel012,perch,centroid,B_minus_C,secondary_readout_robustness,0.52922552128408651,0.45861828143980371,0.59905997058562677,true
panel012,perch,centroid,A_minus_C,secondary_paired_day_context,0.012376476759150689,-0.0044291390391148506,0.030540849553363818,true
panel012,perch,centroid,D_minus_A,secondary_descriptive,0.60098924743418147,0.5312611370221223,0.66945622903677282,true
panel012,perch,centroid,D_minus_B,secondary_descriptive,0.084140202909245537,0.054904881650697929,0.11530724402963061,true
panel012,perch,centroid,D_minus_C,secondary_descriptive,0.61336572419333202,0.54576853229147104,0.67911435083564375,true
panel012,perch,centroid,interaction,secondary_descriptive,0.071763726150094867,0.037478883118431172,0.10705129513600745,true
