pipeline,readout,contrast,bird_id,panel_count,mean_contribution,sign
birdnet,linear,B_minus_A,pf71373,12,0.64216927971313942,positive
birdnet,linear,B_minus_A,pf71395,12,0.63120862118742049,positive
birdnet,linear,B_minus_A,pf71411,12,0.76607114916611485,positive
birdnet,linear,B_minus_A,pf71904,12,0.62878373539944754,positive
birdnet,linear,B_minus_A,pf71915,12,0.73923786885255449,positive
birdnet,linear,B_minus_A,pf71937,12,0.80193744164332392,positive
birdnet,linear,B_minus_A,pf72101,12,0.8044279090474743,positive
birdnet,linear,B_minus_A,pf72506,12,0.58610972360972358,positive
birdnet,linear,B_minus_A,pf72509,12,0.92326917721654567,positive
birdnet,linear,B_minus_A,pf72510,12,0.88257874705243122,positive
birdnet,linear,B_minus_A,pf72514,12,0.56538768249294569,positive
birdnet,linear,B_minus_A,pf72561,12,1,positive
birdnet,linear,B_minus_A,pf72730,12,1,positive
birdnet,linear,B_minus_A,pf72757,12,0.92371031746031751,positive
birdnet,linear,B_minus_A,te80906,12,0.77482556429924854,positive
birdnet,linear,B_minus_A,te80930,12,0.23315247809985737,positive
birdnet,linear,B_minus_A,tj26850,12,0.74766644174538899,positive
birdnet,linear,B_minus_A,tl38410,12,0.96269841269841283,positive
birdnet,linear,B_minus_A,tl38650,12,0.70231523045200861,positive
birdnet,linear,B_minus_A,tl38664,12,0.28730738665521272,positive
birdnet,linear,B_minus_A,tr43216,12,0.63613765877877249,positive
birdnet,linear,B_minus_A,tr43324,12,0.6154091007032183,positive
birdnet,linear,B_minus_A,tr43332,12,0.611014474288468,positive
birdnet,linear,B_minus_A,tr43333,12,0.71534367610934113,positive
birdnet,linear,B_minus_A,tr43342,12,0.30651474574866011,positive
birdnet,linear,B_minus_A,ts47913,12,0.78384921894983817,positive
birdnet,linear,B_minus_A,ts47968,12,0.76284841977510354,positive
birdnet,linear,B_minus_A,tv26548,12,0.74949025437440764,positive
birdnet,linear,B_minus_A,tv44361,12,0.68449330119852625,positive
birdnet,linear,B_minus_A,tw41613,12,0.45231931774934492,positive
birdnet,linear,B_minus_A,tw41667,12,0.81677447393780389,positive
birdnet,linear,B_minus_A,tw41728,12,0.47443876182432732,positive
birdnet,linear,B_minus_A,tw41833,12,0.85322569300897477,positive
birdnet,linear,B_minus_A,tw41850,12,0.8974759696175304,positive
birdnet,linear,B_minus_A,tw41881,12,0.57619100380498056,positive
birdnet,linear,B_minus_A,tw41893,12,0.69445520109820313,positive
birdnet,linear,B_minus_A,ty68001,12,0.91594263436368706,positive
birdnet,linear,B_minus_A,ty68090,12,0.61331932028526459,positive
birdnet,linear,B_minus_A,ty68169,12,0.67283569962822443,positive
birdnet,linear,B_minus_A,ty68197,12,0.21096574392240031,positive
birdnet,linear,B_minus_A,ty68250,12,0.92672979797979804,positive
birdnet,linear,B_minus_A,ty68256,12,0.71470678085888084,positive
birdnet,linear,B_minus_A,ty68266,12,0.72707749766573304,positive
birdnet,linear,B_minus_A,ty68269,12,0.79309486952675812,positive
birdnet,linear,B_minus_A,ty68288,12,0.75083225597931469,positive
birdnet,linear,B_minus_A,ty68290,12,0.91637748216695591,positive
birdnet,linear,B_minus_A,ty68302,12,0.502826747937687,positive
birdnet,linear,B_minus_A,ty68314,12,0.20333894183253262,positive
birdnet,linear,B_minus_A,ty68356,12,0.76540404040404031,positive
birdnet,linear,B_minus_A,ty68365,12,0.70865610774935706,positive
birdnet,linear,B_minus_A,ty68368,12,0.29354002504237403,positive
birdnet,linear,B_minus_A,ty68410,12,0.89196303696303703,positive
birdnet,linear,B_minus_A,ty68701,12,0.34674008903896669,positive
birdnet,linear,B_minus_A,ty68797,12,0.87530616931298943,positive
birdnet,linear,B_minus_A,ty68817,12,0.10859752749307199,positive
birdnet,linear,B_minus_A,ty69095,12,0.19327628712303638,positive
birdnet,linear,B_minus_A,ty69215,12,0.39835125538575095,positive
birdnet,linear,B_minus_A,ty69216,12,0.34610931368660092,positive
birdnet,linear,B_minus_A,ty69429,12,0.4291528546559506,positive
birdnet,linear,B_minus_A,ty69450,12,0.56094753557988852,positive
birdnet,linear,B_minus_A,ty69456,12,0.90036393289587124,positive
birdnet,linear,B_minus_A,ty69457,12,0.5131612386046025,positive
birdnet,linear,B_minus_A,ty69479,12,0.38198085271587989,positive
birdnet,linear,B_minus_A,ty69494,12,0.27778521043481302,positive
birdnet,linear,B_minus_A,ty69500,12,0.84990521174731704,positive
birdnet,linear,B_minus_A,ty70009,12,-0.25202096440823052,negative
birdnet,linear,B_minus_A,ty70013,12,0.50216508255723946,positive
birdnet,linear,B_minus_A,ty70023,12,0.55829855050056276,positive
birdnet,linear,B_minus_A,ty70082,12,0.92324058389275765,positive
birdnet,linear,B_minus_A,ty70093,12,0.40397876976824348,positive
birdnet,linear,B_minus_A,ty70118,12,0.41642197814798437,positive
birdnet,linear,B_minus_A,ty70233,12,0.56609801067572174,positive
birdnet,linear,B_minus_A,ty70249,12,0.38495106958281555,positive
birdnet,linear,B_minus_A,ty70291,12,0.65520626041153063,positive
birdnet,linear,B_minus_A,ty70575,12,0.63849571194772436,positive
birdnet,linear,B_minus_A,ty70701,12,0.021999443052074647,positive
birdnet,linear,B_minus_A,ty70791,12,0.57390460581132274,positive
birdnet,linear,B_minus_A,ty70988,12,0.72507778527515365,positive
birdnet,linear,B_minus_A,vb55885,12,0.78622127138108533,positive
birdnet,linear,B_minus_A,vs83969,12,0.71405984796077682,positive
birdnet,linear,B_minus_A,vs84180,12,0.41055373420485369,positive
birdnet,linear,B_minus_A,vs84238,12,0.8687809076480616,positive
birdnet,linear,B_minus_A,vs84262,12,0.49744926937909395,positive
birdnet,linear,B_minus_A,vz29416,12,0.52044006371963358,positive
birdnet,linear,B_minus_A,vz29510,12,0.92301232087037699,positive
birdnet,linear,B_minus_A,vz30799,12,0.98809523809523814,positive
birdnet,linear,B_minus_A,vz31403,12,0.61999955130793738,positive
birdnet,linear,B_minus_A,vz31410,12,0.97535505430242286,positive
birdnet,linear,B_minus_A,vz31466,12,0.53174311069047908,positive
birdnet,linear,B_minus_A,vz31728,12,0.28381011875014878,positive
birdnet,linear,B_minus_A,vz31742,12,0.74064350566613057,positive
birdnet,linear,B_minus_A,vz31749,12,0.61643197488785728,positive
birdnet,linear,B_minus_A,vz31866,12,0.50550720817025163,positive
birdnet,linear,B_minus_A,vz31906,12,0.17462575230181612,positive
birdnet,linear,B_minus_A,vz32978,12,0.56191574126356736,positive
birdnet,linear,B_minus_A,vz33158,12,0.72210681747167371,positive
birdnet,linear,B_minus_A,vz33280,12,0.68644806024116367,positive
birdnet,linear,B_minus_A,vz33342,12,0.43811127664506305,positive
birdnet,linear,B_minus_A,vz33544,12,0.45313772771203115,positive
birdnet,linear,B_minus_A,vz33661,12,0.94665404040404033,positive
birdnet,linear,B_minus_A,vz33688,12,0.2249289280323763,positive
birdnet,linear,B_minus_A,vz33691,12,0.46355101908556801,positive
birdnet,linear,B_minus_A,vz33700,12,0.83427904373244399,positive
birdnet,linear,B_minus_A,vz33851,12,0.92372598162071851,positive
birdnet,linear,B_minus_A,vz33887,12,0.67194929253752778,positive
birdnet,linear,B_minus_A,vz33890,12,0.79783404589906137,positive
birdnet,linear,B_minus_A,vz33899,12,0.73183883776413483,positive
birdnet,linear,B_minus_C,pf71373,12,0.69216283105387966,positive
birdnet,linear,B_minus_C,pf71395,12,0.66297865960356894,positive
birdnet,linear,B_minus_C,pf71411,12,0.86729411947197788,positive
birdnet,linear,B_minus_C,pf71904,12,0.76517601760589116,positive
birdnet,linear,B_minus_C,pf71915,12,0.85967570441254637,positive
birdnet,linear,B_minus_C,pf71937,12,0.80193744164332392,positive
birdnet,linear,B_minus_C,pf72101,12,0.61909763782828797,positive
birdnet,linear,B_minus_C,pf72506,12,0.61556733474020797,positive
birdnet,linear,B_minus_C,pf72509,12,0.95848396243133083,positive
birdnet,linear,B_minus_C,pf72510,12,0.86929000890974251,positive
birdnet,linear,B_minus_C,pf72514,12,0.56411388319283051,positive
birdnet,linear,B_minus_C,pf72561,12,1,positive
birdnet,linear,B_minus_C,pf72730,12,1,positive
birdnet,linear,B_minus_C,pf72757,12,0.80377312865057959,positive
birdnet,linear,B_minus_C,te80906,12,0.87626692865621392,positive
birdnet,linear,B_minus_C,te80930,12,0.66645932033422417,positive
birdnet,linear,B_minus_C,tj26850,12,0.77890559408933357,positive
birdnet,linear,B_minus_C,tl38410,12,0.97829131652661072,positive
birdnet,linear,B_minus_C,tl38650,12,0.78037172167606961,positive
birdnet,linear,B_minus_C,tl38664,12,0.65363656811025217,positive
birdnet,linear,B_minus_C,tr43216,12,0.69572637594149278,positive
birdnet,linear,B_minus_C,tr43324,12,0.95905483405483405,positive
birdnet,linear,B_minus_C,tr43332,12,0.85297053021511227,positive
birdnet,linear,B_minus_C,tr43333,12,0.76280540205410208,positive
birdnet,linear,B_minus_C,tr43342,12,0.44163491306294905,positive
birdnet,linear,B_minus_C,ts47913,12,0.75575598134808664,positive
birdnet,linear,B_minus_C,ts47968,12,0.80970508959639398,positive
birdnet,linear,B_minus_C,tv26548,12,0.80420515552683425,positive
birdnet,linear,B_minus_C,tv44361,12,0.66431946157823352,positive
birdnet,linear,B_minus_C,tw41613,12,0.71527955914880825,positive
birdnet,linear,B_minus_C,tw41667,12,0.79925982554405195,positive
birdnet,linear,B_minus_C,tw41728,12,0.5136162129696612,positive
birdnet,linear,B_minus_C,tw41833,12,0.87667748917748922,positive
birdnet,linear,B_minus_C,tw41850,12,0.90151859116389998,positive
birdnet,linear,B_minus_C,tw41881,12,0.6556617680179061,positive
birdnet,linear,B_minus_C,tw41893,12,0.70343173024116057,positive
birdnet,linear,B_minus_C,ty68001,12,0.92471456418824838,positive
birdnet,linear,B_minus_C,ty68090,12,0.91483918128654984,positive
birdnet,linear,B_minus_C,ty68169,12,0.68444730326881364,positive
birdnet,linear,B_minus_C,ty68197,12,0.46538785689714485,positive
birdnet,linear,B_minus_C,ty68250,12,0.89906149527860058,positive
birdnet,linear,B_minus_C,ty68256,12,0.77030403336230691,positive
birdnet,linear,B_minus_C,ty68266,12,0.74759856497606048,positive
birdnet,linear,B_minus_C,ty68269,12,0.83946078431372551,positive
birdnet,linear,B_minus_C,ty68288,12,0.87987196340524509,positive
birdnet,linear,B_minus_C,ty68290,12,0.95283937553674392,positive
birdnet,linear,B_minus_C,ty68302,12,0.59555142169906761,positive
birdnet,linear,B_minus_C,ty68314,12,0.44493348715538139,positive
birdnet,linear,B_minus_C,ty68356,12,0.78229186272664519,positive
birdnet,linear,B_minus_C,ty68365,12,0.75264423685476312,positive
birdnet,linear,B_minus_C,ty68368,12,0.43954430390357163,positive
birdnet,linear,B_minus_C,ty68410,12,0.88574535368013629,positive
birdnet,linear,B_minus_C,ty68701,12,0.56929328689331804,positive
birdnet,linear,B_minus_C,ty68797,12,0.8479407166907168,positive
birdnet,linear,B_minus_C,ty68817,12,0.14735107227367292,positive
birdnet,linear,B_minus_C,ty69095,12,0.87082362082362075,positive
birdnet,linear,B_minus_C,ty69215,12,0.40911153559656155,positive
birdnet,linear,B_minus_C,ty69216,12,0.49197161065537248,positive
birdnet,linear,B_minus_C,ty69429,12,0.65266741199403733,positive
birdnet,linear,B_minus_C,ty69450,12,0.5798589238295121,positive
birdnet,linear,B_minus_C,ty69456,12,0.79213633864203981,positive
birdnet,linear,B_minus_C,ty69457,12,0.61282532568251946,positive
birdnet,linear,B_minus_C,ty69479,12,0.23856942531285538,positive
birdnet,linear,B_minus_C,ty69494,12,0.34949803751056768,positive
birdnet,linear,B_minus_C,ty69500,12,0.77843915343915349,positive
birdnet,linear,B_minus_C,ty70009,12,0.39433156755525173,positive
birdnet,linear,B_minus_C,ty70013,12,0.57981056945195231,positive
birdnet,linear,B_minus_C,ty70023,12,0.64826593303115498,positive
birdnet,linear,B_minus_C,ty70082,12,0.97001066566283944,positive
birdnet,linear,B_minus_C,ty70093,12,0.5320134118817208,positive
birdnet,linear,B_minus_C,ty70118,12,0.50770877514298574,positive
birdnet,linear,B_minus_C,ty70233,12,0.63240434291454828,positive
birdnet,linear,B_minus_C,ty70249,12,0.50599007682565367,positive
birdnet,linear,B_minus_C,ty70291,12,0.7033041468546436,positive
birdnet,linear,B_minus_C,ty70575,12,0.85907002354370776,positive
birdnet,linear,B_minus_C,ty70701,12,0,zero
birdnet,linear,B_minus_C,ty70791,12,0.67720687156344717,positive
birdnet,linear,B_minus_C,ty70988,12,0.80995544443226597,positive
birdnet,linear,B_minus_C,vb55885,12,0.84906367257625837,positive
birdnet,linear,B_minus_C,vs83969,12,0.88095619693916893,positive
birdnet,linear,B_minus_C,vs84180,12,0.42510274772160855,positive
birdnet,linear,B_minus_C,vs84238,12,0.84928539481624787,positive
birdnet,linear,B_minus_C,vs84262,12,0.82732900221935302,positive
birdnet,linear,B_minus_C,vz29416,12,0.4898834498834499,positive
birdnet,linear,B_minus_C,vz29510,12,0.93820655645934969,positive
birdnet,linear,B_minus_C,vz30799,12,0.98611111111111116,positive
birdnet,linear,B_minus_C,vz31403,12,0.67516897181962676,positive
birdnet,linear,B_minus_C,vz31410,12,0.98412698412698418,positive
birdnet,linear,B_minus_C,vz31466,12,0.88676749806780764,positive
birdnet,linear,B_minus_C,vz31728,12,0.35382519784148941,positive
birdnet,linear,B_minus_C,vz31742,12,0.81542661807567429,positive
birdnet,linear,B_minus_C,vz31749,12,0.7599698576700864,positive
birdnet,linear,B_minus_C,vz31866,12,0.49591699479857376,positive
birdnet,linear,B_minus_C,vz31906,12,0.25282064923604836,positive
birdnet,linear,B_minus_C,vz32978,12,0.79674456885667455,positive
birdnet,linear,B_minus_C,vz33158,12,0.80122611450010839,positive
birdnet,linear,B_minus_C,vz33280,12,0.64656153731287214,positive
birdnet,linear,B_minus_C,vz33342,12,0.65696182281579607,positive
birdnet,linear,B_minus_C,vz33544,12,0.14548101345860362,positive
birdnet,linear,B_minus_C,vz33661,12,0.98095238095238102,positive
birdnet,linear,B_minus_C,vz33688,12,0.4465312640743675,positive
birdnet,linear,B_minus_C,vz33691,12,0.48807673521295808,positive
birdnet,linear,B_minus_C,vz33700,12,0.86436514378767715,positive
birdnet,linear,B_minus_C,vz33851,12,0.94121936786410476,positive
birdnet,linear,B_minus_C,vz33887,12,0.81622711152509908,positive
birdnet,linear,B_minus_C,vz33890,12,0.81727189350187068,positive
birdnet,linear,B_minus_C,vz33899,12,0.74621206594843137,positive
birdnet,centroid,B_minus_A,pf71373,12,0.43224898600941719,positive
birdnet,centroid,B_minus_A,pf71395,12,0.88894755342123766,positive
birdnet,centroid,B_minus_A,pf71411,12,0.4734299516908213,positive
birdnet,centroid,B_minus_A,pf71904,12,0.56573090079282029,positive
birdnet,centroid,B_minus_A,pf71915,12,0.54473304473304474,positive
birdnet,centroid,B_minus_A,pf71937,12,0.56371366421676006,positive
birdnet,centroid,B_minus_A,pf72101,12,0.60429073744291129,positive
birdnet,centroid,B_minus_A,pf72506,12,0.49308266116841309,positive
birdnet,centroid,B_minus_A,pf72509,12,0.78891817166147493,positive
birdnet,centroid,B_minus_A,pf72510,12,0.53944080448953013,positive
birdnet,centroid,B_minus_A,pf72514,12,0.95576102641320038,positive
birdnet,centroid,B_minus_A,pf72561,12,1,positive
birdnet,centroid,B_minus_A,pf72730,12,0.5,positive
birdnet,centroid,B_minus_A,pf72757,12,0.66270372864470362,positive
birdnet,centroid,B_minus_A,te80906,12,0.75085562585562593,positive
birdnet,centroid,B_minus_A,te80930,12,-0.051981312604377626,negative
birdnet,centroid,B_minus_A,tj26850,12,0.47172647613824087,positive
birdnet,centroid,B_minus_A,tl38410,12,0.45452055948769793,positive
birdnet,centroid,B_minus_A,tl38650,12,0.58104400101085119,positive
birdnet,centroid,B_minus_A,tl38664,12,0.35639922587694833,positive
birdnet,centroid,B_minus_A,tr43216,12,0.55290826717723562,positive
birdnet,centroid,B_minus_A,tr43324,12,0.89445044157320375,positive
birdnet,centroid,B_minus_A,tr43332,12,0.40179483094242818,positive
birdnet,centroid,B_minus_A,tr43333,12,0.3596869316422846,positive
birdnet,centroid,B_minus_A,tr43342,12,0.24063709386206808,positive
birdnet,centroid,B_minus_A,ts47913,12,0.41559139666438766,positive
birdnet,centroid,B_minus_A,ts47968,12,0.63873642806086905,positive
birdnet,centroid,B_minus_A,tv26548,12,0.46188443679099661,positive
birdnet,centroid,B_minus_A,tv44361,12,0.28570852608444403,positive
birdnet,centroid,B_minus_A,tw41613,12,0.28195380399327769,positive
birdnet,centroid,B_minus_A,tw41667,12,0.63841406693907499,positive
birdnet,centroid,B_minus_A,tw41728,12,0.66215792005265672,positive
birdnet,centroid,B_minus_A,tw41833,12,0.84308174092256494,positive
birdnet,centroid,B_minus_A,tw41850,12,0.61623020863639033,positive
birdnet,centroid,B_minus_A,tw41881,12,0.32793859123473923,positive
birdnet,centroid,B_minus_A,tw41893,12,0.57661521148450456,positive
birdnet,centroid,B_minus_A,ty68001,12,0.25599262929630001,positive
birdnet,centroid,B_minus_A,ty68090,12,0.75583276372750063,positive
birdnet,centroid,B_minus_A,ty68169,12,0.44195481057736846,positive
birdnet,centroid,B_minus_A,ty68197,12,-0.10851869547521724,negative
birdnet,centroid,B_minus_A,ty68250,12,0.50994689542483662,positive
birdnet,centroid,B_minus_A,ty68256,12,0.51068678681086899,positive
birdnet,centroid,B_minus_A,ty68266,12,0.76106465345595764,positive
birdnet,centroid,B_minus_A,ty68269,12,0.97330447330447323,positive
birdnet,centroid,B_minus_A,ty68288,12,0.6624230412988994,positive
birdnet,centroid,B_minus_A,ty68290,12,0.48520851129546783,positive
birdnet,centroid,B_minus_A,ty68302,12,0.30710859388443296,positive
birdnet,centroid,B_minus_A,ty68314,12,0.26025396884688401,positive
birdnet,centroid,B_minus_A,ty68356,12,0.67583048616330343,positive
birdnet,centroid,B_minus_A,ty68365,12,0.77418410151076078,positive
birdnet,centroid,B_minus_A,ty68368,12,0.24725608761091022,positive
birdnet,centroid,B_minus_A,ty68410,12,0.82326417490891168,positive
birdnet,centroid,B_minus_A,ty68701,12,0.55891265046596328,positive
birdnet,centroid,B_minus_A,ty68797,12,0.79004959147979748,positive
birdnet,centroid,B_minus_A,ty68817,12,0.17082540838261664,positive
birdnet,centroid,B_minus_A,ty69095,12,0.18294203646370824,positive
birdnet,centroid,B_minus_A,ty69215,12,0.43213604028821423,positive
birdnet,centroid,B_minus_A,ty69216,12,0.590713708182249,positive
birdnet,centroid,B_minus_A,ty69429,12,0.12493781654324333,positive
birdnet,centroid,B_minus_A,ty69450,12,0.63209852140899392,positive
birdnet,centroid,B_minus_A,ty69456,12,0.68695183143523486,positive
birdnet,centroid,B_minus_A,ty69457,12,0.56849047781710316,positive
birdnet,centroid,B_minus_A,ty69479,12,0.12629141887437079,positive
birdnet,centroid,B_minus_A,ty69494,12,0.27809822997914435,positive
birdnet,centroid,B_minus_A,ty69500,12,0.94996392496392501,positive
birdnet,centroid,B_minus_A,ty70009,12,-0.19918318782566999,negative
birdnet,centroid,B_minus_A,ty70013,12,0.58690210431696499,positive
birdnet,centroid,B_minus_A,ty70023,12,0.49300526605001399,positive
birdnet,centroid,B_minus_A,ty70082,12,0.77141493928974558,positive
birdnet,centroid,B_minus_A,ty70093,12,0.5577005105702928,positive
birdnet,centroid,B_minus_A,ty70118,12,0.80645909645909641,positive
birdnet,centroid,B_minus_A,ty70233,12,0.58091561598885144,positive
birdnet,centroid,B_minus_A,ty70249,12,0.46760903791658737,positive
birdnet,centroid,B_minus_A,ty70291,12,0.1698269604287366,positive
birdnet,centroid,B_minus_A,ty70575,12,0.71105280474632571,positive
birdnet,centroid,B_minus_A,ty70701,12,0.034478557504873303,positive
birdnet,centroid,B_minus_A,ty70791,12,0.6615794903147667,positive
birdnet,centroid,B_minus_A,ty70988,12,0.25730681463073107,positive
birdnet,centroid,B_minus_A,vb55885,12,0.48708383672151784,positive
birdnet,centroid,B_minus_A,vs83969,12,0.55384857016048961,positive
birdnet,centroid,B_minus_A,vs84180,12,0.15554117361053177,positive
birdnet,centroid,B_minus_A,vs84238,12,0.56147634042370886,positive
birdnet,centroid,B_minus_A,vs84262,12,0.20749435606246749,positive
birdnet,centroid,B_minus_A,vz29416,12,0.72001066566283967,positive
birdnet,centroid,B_minus_A,vz29510,12,0.85600162402221891,positive
birdnet,centroid,B_minus_A,vz30799,12,0.83073606857090521,positive
birdnet,centroid,B_minus_A,vz31403,12,0.61023488758042532,positive
birdnet,centroid,B_minus_A,vz31410,12,0.82570177548247736,positive
birdnet,centroid,B_minus_A,vz31466,12,0,zero
birdnet,centroid,B_minus_A,vz31728,12,0.41841845197081645,positive
birdnet,centroid,B_minus_A,vz31742,12,0.34003440199092377,positive
birdnet,centroid,B_minus_A,vz31749,12,0.69312651921347568,positive
birdnet,centroid,B_minus_A,vz31866,12,0.1433225897049607,positive
birdnet,centroid,B_minus_A,vz31906,12,0.66977853805657028,positive
birdnet,centroid,B_minus_A,vz32978,12,0.95530703864037181,positive
birdnet,centroid,B_minus_A,vz33158,12,0.26120285394405762,positive
birdnet,centroid,B_minus_A,vz33280,12,0.65649470899470896,positive
birdnet,centroid,B_minus_A,vz33342,12,0.38647040595570009,positive
birdnet,centroid,B_minus_A,vz33544,12,0.91386566907464728,positive
birdnet,centroid,B_minus_A,vz33661,12,0.58932274621929792,positive
birdnet,centroid,B_minus_A,vz33688,12,0.045225488878739617,positive
birdnet,centroid,B_minus_A,vz33691,12,0.22702077507064722,positive
birdnet,centroid,B_minus_A,vz33700,12,0.8392172514913776,positive
birdnet,centroid,B_minus_A,vz33851,12,0.72450056641398464,positive
birdnet,centroid,B_minus_A,vz33887,12,0.91111299300954485,positive
birdnet,centroid,B_minus_A,vz33890,12,0.87034656433207147,positive
birdnet,centroid,B_minus_A,vz33899,12,0.66871544051642084,positive
birdnet,centroid,B_minus_C,pf71373,12,0.41940027274630509,positive
birdnet,centroid,B_minus_C,pf71395,12,0.93080847028215452,positive
birdnet,centroid,B_minus_C,pf71411,12,0.49194847020933974,positive
birdnet,centroid,B_minus_C,pf71904,12,0.6256050942877035,positive
birdnet,centroid,B_minus_C,pf71915,12,0.62536075036075034,positive
birdnet,centroid,B_minus_C,pf71937,12,0.58942667669447857,positive
birdnet,centroid,B_minus_C,pf72101,12,0.44827396010260451,positive
birdnet,centroid,B_minus_C,pf72506,12,0.56510271024962988,positive
birdnet,centroid,B_minus_C,pf72509,12,0.79872209323010246,positive
birdnet,centroid,B_minus_C,pf72510,12,0.51966164644950252,positive
birdnet,centroid,B_minus_C,pf72514,12,0.95576102641320038,positive
birdnet,centroid,B_minus_C,pf72561,12,1,positive
birdnet,centroid,B_minus_C,pf72730,12,0.5,positive
birdnet,centroid,B_minus_C,pf72757,12,0.59720563523275061,positive
birdnet,centroid,B_minus_C,te80906,12,0.7553428053428054,positive
birdnet,centroid,B_minus_C,te80930,12,0.37642471468272382,positive
birdnet,centroid,B_minus_C,tj26850,12,0.51842214158390632,positive
birdnet,centroid,B_minus_C,tl38410,12,0.47149778516057578,positive
birdnet,centroid,B_minus_C,tl38650,12,0.62381515781928576,positive
birdnet,centroid,B_minus_C,tl38664,12,0.51980703120409,positive
birdnet,centroid,B_minus_C,tr43216,12,0.5420810215340448,positive
birdnet,centroid,B_minus_C,tr43324,12,0.9739789196310934,positive
birdnet,centroid,B_minus_C,tr43332,12,0.487313247710845,positive
birdnet,centroid,B_minus_C,tr43333,12,0.48029156212563806,positive
birdnet,centroid,B_minus_C,tr43342,12,0.35597584678607247,positive
birdnet,centroid,B_minus_C,ts47913,12,0.46227260320257363,positive
birdnet,centroid,B_minus_C,ts47968,12,0.6253436200881306,positive
birdnet,centroid,B_minus_C,tv26548,12,0.44799589971747494,positive
birdnet,centroid,B_minus_C,tv44361,12,0.23113555837637678,positive
birdnet,centroid,B_minus_C,tw41613,12,0.48409015605324618,positive
birdnet,centroid,B_minus_C,tw41667,12,0.63841406693907499,positive
birdnet,centroid,B_minus_C,tw41728,12,0.75789520745661099,positive
birdnet,centroid,B_minus_C,tw41833,12,0.91888616525640121,positive
birdnet,centroid,B_minus_C,tw41850,12,0.62819602060220237,positive
birdnet,centroid,B_minus_C,tw41881,12,0.41480845441707115,positive
birdnet,centroid,B_minus_C,tw41893,12,0.59967167343409555,positive
birdnet,centroid,B_minus_C,ty68001,12,0.25599262929630001,positive
birdnet,centroid,B_minus_C,ty68090,12,0.78361054150527831,positive
birdnet,centroid,B_minus_C,ty68169,12,0.50207724119212649,positive
birdnet,centroid,B_minus_C,ty68197,12,0.075396825396825393,positive
birdnet,centroid,B_minus_C,ty68250,12,0.50994689542483662,positive
birdnet,centroid,B_minus_C,ty68256,12,0.54174669686781274,positive
birdnet,centroid,B_minus_C,ty68266,12,0.81323392138609518,positive
birdnet,centroid,B_minus_C,ty68269,12,0.97330447330447323,positive
birdnet,centroid,B_minus_C,ty68288,12,0.68545886014993551,positive
birdnet,centroid,B_minus_C,ty68290,12,0.49711327320022969,positive
birdnet,centroid,B_minus_C,ty68302,12,0.27385060387797416,positive
birdnet,centroid,B_minus_C,ty68314,12,0.32629881892559104,positive
birdnet,centroid,B_minus_C,ty68356,12,0.7206147653516074,positive
birdnet,centroid,B_minus_C,ty68365,12,0.77586368807406825,positive
birdnet,centroid,B_minus_C,ty68368,12,0.34842634280856344,positive
birdnet,centroid,B_minus_C,ty68410,12,0.83113110373172272,positive
birdnet,centroid,B_minus_C,ty68701,12,0.64900978631722694,positive
birdnet,centroid,B_minus_C,ty68797,12,0.74987102005122608,positive
birdnet,centroid,B_minus_C,ty68817,12,0.29019085158857766,positive
birdnet,centroid,B_minus_C,ty69095,12,0.41459739091318032,positive
birdnet,centroid,B_minus_C,ty69215,12,0.39585256355969106,positive
birdnet,centroid,B_minus_C,ty69216,12,0.50246016338972577,positive
birdnet,centroid,B_minus_C,ty69429,12,0.14135369135369136,positive
birdnet,centroid,B_minus_C,ty69450,12,0.65185908077952759,positive
birdnet,centroid,B_minus_C,ty69456,12,0.62188065473417697,positive
birdnet,centroid,B_minus_C,ty69457,12,0.65522966057190035,positive
birdnet,centroid,B_minus_C,ty69479,12,-0.0050528129836502206,negative
birdnet,centroid,B_minus_C,ty69494,12,0.36395202635012008,positive
birdnet,centroid,B_minus_C,ty69500,12,0.94996392496392501,positive
birdnet,centroid,B_minus_C,ty70009,12,0.10708898944193061,positive
birdnet,centroid,B_minus_C,ty70013,12,0.65969532416900833,positive
birdnet,centroid,B_minus_C,ty70023,12,0.49796589668659158,positive
birdnet,centroid,B_minus_C,ty70082,12,0.77141493928974558,positive
birdnet,centroid,B_minus_C,ty70093,12,0.60660523364664221,positive
birdnet,centroid,B_minus_C,ty70118,12,0.99603174603174605,positive
birdnet,centroid,B_minus_C,ty70233,12,0.62269177189224523,positive
birdnet,centroid,B_minus_C,ty70249,12,0.54995186118296002,positive
birdnet,centroid,B_minus_C,ty70291,12,0.19805331605902252,positive
birdnet,centroid,B_minus_C,ty70575,12,0.78530746313141886,positive
birdnet,centroid,B_minus_C,ty70701,12,0.013645224171539969,positive
birdnet,centroid,B_minus_C,ty70791,12,0.73652261736315694,positive
birdnet,centroid,B_minus_C,ty70988,12,0.28031928583399174,positive
birdnet,centroid,B_minus_C,vb55885,12,0.51419423575466727,positive
birdnet,centroid,B_minus_C,vs83969,12,0.64139751717151094,positive
birdnet,centroid,B_minus_C,vs84180,12,0.10965596696717976,positive
birdnet,centroid,B_minus_C,vs84238,12,0.53440033908300166,positive
birdnet,centroid,B_minus_C,vs84262,12,0.44576466418571675,positive
birdnet,centroid,B_minus_C,vz29416,12,0.68429637994855386,positive
birdnet,centroid,B_minus_C,vz29510,12,0.87992506899829548,positive
birdnet,centroid,B_minus_C,vz30799,12,0.83598635663853071,positive
birdnet,centroid,B_minus_C,vz31403,12,0.56715188362785618,positive
birdnet,centroid,B_minus_C,vz31410,12,0.82570177548247736,positive
birdnet,centroid,B_minus_C,vz31466,12,0,zero
birdnet,centroid,B_minus_C,vz31728,12,0.430807305576135,positive
birdnet,centroid,B_minus_C,vz31742,12,0.34003440199092377,positive
birdnet,centroid,B_minus_C,vz31749,12,0.85879319426230172,positive
birdnet,centroid,B_minus_C,vz31866,12,0.080747218513394239,positive
birdnet,centroid,B_minus_C,vz31906,12,0.64538176248702561,positive
birdnet,centroid,B_minus_C,vz32978,12,0.95530703864037181,positive
birdnet,centroid,B_minus_C,vz33158,12,0.27635464706698826,positive
birdnet,centroid,B_minus_C,vz33280,12,0.66482804232804238,positive
birdnet,centroid,B_minus_C,vz33342,12,0.53384420590302939,positive
birdnet,centroid,B_minus_C,vz33544,12,0.2274078187084648,positive
birdnet,centroid,B_minus_C,vz33661,12,0.58055081639473649,positive
birdnet,centroid,B_minus_C,vz33688,12,0.42359940254677092,positive
birdnet,centroid,B_minus_C,vz33691,12,0.27977277159939695,positive
birdnet,centroid,B_minus_C,vz33700,12,0.81798709276121884,positive
birdnet,centroid,B_minus_C,vz33851,12,0.80007291073632902,positive
birdnet,centroid,B_minus_C,vz33887,12,0.8716788160753679,positive
birdnet,centroid,B_minus_C,vz33890,12,0.87034656433207147,positive
birdnet,centroid,B_minus_C,vz33899,12,0.64607711393072587,positive
perch,linear,B_minus_A,pf71373,12,0.7450973132474682,positive
perch,linear,B_minus_A,pf71395,12,0.92329059829059845,positive
perch,linear,B_minus_A,pf71411,12,0.89198676323676318,positive
perch,linear,B_minus_A,pf71904,12,0.88853366313320548,positive
perch,linear,B_minus_A,pf71915,12,0.85836888554279855,positive
perch,linear,B_minus_A,pf71937,12,0.92480004552961892,positive
perch,linear,B_minus_A,pf72101,12,0.75737091044108584,positive
perch,linear,B_minus_A,pf72506,12,0.91388909068161561,positive
perch,linear,B_minus_A,pf72509,12,0.9541838312255736,positive
perch,linear,B_minus_A,pf72510,12,0.90703020176704385,positive
perch,linear,B_minus_A,pf72514,12,0.65469010512926251,positive
perch,linear,B_minus_A,pf72561,12,1,positive
perch,linear,B_minus_A,pf72730,12,0.99603174603174605,positive
perch,linear,B_minus_A,pf72757,12,0.97615440115440111,positive
perch,linear,B_minus_A,te80906,12,0.98407002354370776,positive
perch,linear,B_minus_A,te80930,12,0.59584107699432776,positive
perch,linear,B_minus_A,tj26850,12,0.76139547586916001,positive
perch,linear,B_minus_A,tl38410,12,0.98913043478260876,positive
perch,linear,B_minus_A,tl38650,12,0.8167811901750196,positive
perch,linear,B_minus_A,tl38664,12,0.69773898027532433,positive
perch,linear,B_minus_A,tr43216,12,0.75847781198658382,positive
perch,linear,B_minus_A,tr43324,12,0.98076923076923084,positive
perch,linear,B_minus_A,tr43332,12,0.76171528314145087,positive
perch,linear,B_minus_A,tr43333,12,0.68690228301728473,positive
perch,linear,B_minus_A,tr43342,12,0.39386156460145783,positive
perch,linear,B_minus_A,ts47913,12,0.8465117099675924,positive
perch,linear,B_minus_A,ts47968,12,0.7477230466194813,positive
perch,linear,B_minus_A,tv26548,12,0.8492186687820914,positive
perch,linear,B_minus_A,tv44361,12,0.70658366395289651,positive
perch,linear,B_minus_A,tw41613,12,0.57742055420354432,positive
perch,linear,B_minus_A,tw41667,12,0.92302744459607211,positive
perch,linear,B_minus_A,tw41728,12,0.92571010860484559,positive
perch,linear,B_minus_A,tw41833,12,0.99603174603174605,positive
perch,linear,B_minus_A,tw41850,12,0.83737990810359231,positive
perch,linear,B_minus_A,tw41881,12,0.74870036184681499,positive
perch,linear,B_minus_A,tw41893,12,0.79745119447420254,positive
perch,linear,B_minus_A,ty68001,12,0.92610201975527062,positive
perch,linear,B_minus_A,ty68090,12,0.70101635527653861,positive
perch,linear,B_minus_A,ty68169,12,0.67262232936145983,positive
perch,linear,B_minus_A,ty68197,12,0.5055055123705009,positive
perch,linear,B_minus_A,ty68250,12,0.94811736288718407,positive
perch,linear,B_minus_A,ty68256,12,0.94046650374049745,positive
perch,linear,B_minus_A,ty68266,12,0.86338383838383825,positive
perch,linear,B_minus_A,ty68269,12,0.92673992673992667,positive
perch,linear,B_minus_A,ty68288,12,0.67290431414147422,positive
perch,linear,B_minus_A,ty68290,12,0.94859032794404319,positive
perch,linear,B_minus_A,ty68302,12,0.61822151041909101,positive
perch,linear,B_minus_A,ty68314,12,0.2366428474855182,positive
perch,linear,B_minus_A,ty68356,12,0.91258047508047513,positive
perch,linear,B_minus_A,ty68365,12,0.88678514467988157,positive
perch,linear,B_minus_A,ty68368,12,0.38763000043185802,positive
perch,linear,B_minus_A,ty68410,12,0.82437176400024692,positive
perch,linear,B_minus_A,ty68701,12,0.3486211049420182,positive
perch,linear,B_minus_A,ty68797,12,0.94607242725310059,positive
perch,linear,B_minus_A,ty68817,12,0.22542522986055089,positive
perch,linear,B_minus_A,ty69095,12,0.084540190345143928,positive
perch,linear,B_minus_A,ty69215,12,0.37453259301085384,positive
perch,linear,B_minus_A,ty69216,12,0.4091099384808578,positive
perch,linear,B_minus_A,ty69429,12,0.43698646039203309,positive
perch,linear,B_minus_A,ty69450,12,0.76067946930950014,positive
perch,linear,B_minus_A,ty69456,12,0.82545411005977221,positive
perch,linear,B_minus_A,ty69457,12,0.65721527121474421,positive
perch,linear,B_minus_A,ty69479,12,0.63262836749830287,positive
perch,linear,B_minus_A,ty69494,12,0.53143082047325552,positive
perch,linear,B_minus_A,ty69500,12,0.96730006105006094,positive
perch,linear,B_minus_A,ty70009,12,0.3834276459121661,positive
perch,linear,B_minus_A,ty70013,12,0.93356180856180859,positive
perch,linear,B_minus_A,ty70023,12,0.64881595144045623,positive
perch,linear,B_minus_A,ty70082,12,0.90013139273007692,positive
perch,linear,B_minus_A,ty70093,12,0.57920652577498488,positive
perch,linear,B_minus_A,ty70118,12,0.84512015762015757,positive
perch,linear,B_minus_A,ty70233,12,0.677560325633348,positive
perch,linear,B_minus_A,ty70249,12,0.45695799359472367,positive
perch,linear,B_minus_A,ty70291,12,0.68797213038628602,positive
perch,linear,B_minus_A,ty70575,12,0.69054163185742123,positive
perch,linear,B_minus_A,ty70701,12,0.037037037037037042,positive
perch,linear,B_minus_A,ty70791,12,0.56792112260857175,positive
perch,linear,B_minus_A,ty70988,12,0.77187209762438602,positive
perch,linear,B_minus_A,vb55885,12,0.89310586354064625,positive
perch,linear,B_minus_A,vs83969,12,0.86870425183118682,positive
perch,linear,B_minus_A,vs84180,12,0.55160790966950379,positive
perch,linear,B_minus_A,vs84238,12,0.85462947789909693,positive
perch,linear,B_minus_A,vs84262,12,0.82868766118194037,positive
perch,linear,B_minus_A,vz29416,12,0.85092940374803117,positive
perch,linear,B_minus_A,vz29510,12,0.93234243014944773,positive
perch,linear,B_minus_A,vz30799,12,0.99603174603174605,positive
perch,linear,B_minus_A,vz31403,12,0.77061189149861908,positive
perch,linear,B_minus_A,vz31410,12,0.92730803147469809,positive
perch,linear,B_minus_A,vz31466,12,0.7984839234839235,positive
perch,linear,B_minus_A,vz31728,12,0.40616034936855366,positive
perch,linear,B_minus_A,vz31742,12,0.81237361405045594,positive
perch,linear,B_minus_A,vz31749,12,0.97319688109161795,positive
perch,linear,B_minus_A,vz31866,12,0.60515112925094083,positive
perch,linear,B_minus_A,vz31906,12,0.44220384000211183,positive
perch,linear,B_minus_A,vz32978,12,0.65877174090846857,positive
perch,linear,B_minus_A,vz33158,12,0.77076423272957362,positive
perch,linear,B_minus_A,vz33280,12,0.73573272887365848,positive
perch,linear,B_minus_A,vz33342,12,0.80947029263592729,positive
perch,linear,B_minus_A,vz33544,12,0.39075602003401833,positive
perch,linear,B_minus_A,vz33661,12,0.86794776587733236,positive
perch,linear,B_minus_A,vz33688,12,0.39564341224655641,positive
perch,linear,B_minus_A,vz33691,12,0.41776537756077398,positive
perch,linear,B_minus_A,vz33700,12,0.93142387503800539,positive
perch,linear,B_minus_A,vz33851,12,0.96932234432234432,positive
perch,linear,B_minus_A,vz33887,12,0.67984607984607981,positive
perch,linear,B_minus_A,vz33890,12,0.71899350649350657,positive
perch,linear,B_minus_A,vz33899,12,0.60992263634638322,positive
perch,linear,B_minus_C,pf71373,12,0.70041775990564747,positive
perch,linear,B_minus_C,pf71395,12,0.92103586726012354,positive
perch,linear,B_minus_C,pf71411,12,0.94825236491903153,positive
perch,linear,B_minus_C,pf71904,12,0.89322795763013152,positive
perch,linear,B_minus_C,pf71915,12,0.8450344235813344,positive
perch,linear,B_minus_C,pf71937,12,0.9421797246740039,positive
perch,linear,B_minus_C,pf72101,12,0.73545604168411183,positive
perch,linear,B_minus_C,pf72506,12,0.91833353512605997,positive
perch,linear,B_minus_C,pf72509,12,0.97758284600389855,positive
perch,linear,B_minus_C,pf72510,12,0.95274170274170267,positive
perch,linear,B_minus_C,pf72514,12,0.70788000985369404,positive
perch,linear,B_minus_C,pf72561,12,1,positive
perch,linear,B_minus_C,pf72730,12,0.99603174603174605,positive
perch,linear,B_minus_C,pf72757,12,0.88206749415862362,positive
perch,linear,B_minus_C,te80906,12,0.98407002354370776,positive
perch,linear,B_minus_C,te80930,12,0.82487137195375171,positive
perch,linear,B_minus_C,tj26850,12,0.80454512433917469,positive
perch,linear,B_minus_C,tl38410,12,0.98913043478260876,positive
perch,linear,B_minus_C,tl38650,12,0.85616530659634105,positive
perch,linear,B_minus_C,tl38664,12,0.73648153144058481,positive
perch,linear,B_minus_C,tr43216,12,0.75471586264683133,positive
perch,linear,B_minus_C,tr43324,12,0.98076923076923084,positive
perch,linear,B_minus_C,tr43332,12,0.76241842989722919,positive
perch,linear,B_minus_C,tr43333,12,0.69703330050865731,positive
perch,linear,B_minus_C,tr43342,12,0.48232633464918634,positive
perch,linear,B_minus_C,ts47913,12,0.9577308656256025,positive
perch,linear,B_minus_C,ts47968,12,0.78038791861160284,positive
perch,linear,B_minus_C,tv26548,12,0.85631592673590251,positive
perch,linear,B_minus_C,tv44361,12,0.65037972086495099,positive
perch,linear,B_minus_C,tw41613,12,0.79243010830160843,positive
perch,linear,B_minus_C,tw41667,12,0.93857154460224645,positive
perch,linear,B_minus_C,tw41728,12,0.9738095238095239,positive
perch,linear,B_minus_C,tw41833,12,0.99603174603174605,positive
perch,linear,B_minus_C,tw41850,12,0.83013353129199807,positive
perch,linear,B_minus_C,tw41881,12,0.85065897341068963,positive
perch,linear,B_minus_C,tw41893,12,0.73444596339333179,positive
perch,linear,B_minus_C,ty68001,12,0.92610201975527062,positive
perch,linear,B_minus_C,ty68090,12,0.82878769327437485,positive
perch,linear,B_minus_C,ty68169,12,0.66356408426300895,positive
perch,linear,B_minus_C,ty68197,12,0.60594834650898732,positive
perch,linear,B_minus_C,ty68250,12,0.93144660626544684,positive
perch,linear,B_minus_C,ty68256,12,0.93678268755668126,positive
perch,linear,B_minus_C,ty68266,12,0.89906675450153706,positive
perch,linear,B_minus_C,ty68269,12,0.95478595478595485,positive
perch,linear,B_minus_C,ty68288,12,0.73613622073374396,positive
perch,linear,B_minus_C,ty68290,12,0.96881091617933723,positive
perch,linear,B_minus_C,ty68302,12,0.64754216315575341,positive
perch,linear,B_minus_C,ty68314,12,0.36843118815101566,positive
perch,linear,B_minus_C,ty68356,12,0.85499500499500503,positive
perch,linear,B_minus_C,ty68365,12,0.95012626262626254,positive
perch,linear,B_minus_C,ty68368,12,0.49339069191042872,positive
perch,linear,B_minus_C,ty68410,12,0.96881091617933723,positive
perch,linear,B_minus_C,ty68701,12,0.58972726749117443,positive
perch,linear,B_minus_C,ty68797,12,0.94756892885295774,positive
perch,linear,B_minus_C,ty68817,12,0.28436155204731056,positive
perch,linear,B_minus_C,ty69095,12,0.5710164835164836,positive
perch,linear,B_minus_C,ty69215,12,0.4657465349414367,positive
perch,linear,B_minus_C,ty69216,12,0.46290489014751895,positive
perch,linear,B_minus_C,ty69429,12,0.66166599138735371,positive
perch,linear,B_minus_C,ty69450,12,0.78043703372650741,positive
perch,linear,B_minus_C,ty69456,12,0.78295331714715777,positive
perch,linear,B_minus_C,ty69457,12,0.68924725431464839,positive
perch,linear,B_minus_C,ty69479,12,0.61968886782483268,positive
perch,linear,B_minus_C,ty69494,12,0.74576617346603324,positive
perch,linear,B_minus_C,ty69500,12,0.85962671831092885,positive
perch,linear,B_minus_C,ty70009,12,0.60046999927030897,positive
perch,linear,B_minus_C,ty70013,12,0.95737133237133232,positive
perch,linear,B_minus_C,ty70023,12,0.70713455872900821,positive
perch,linear,B_minus_C,ty70082,12,0.8976075828029022,positive
perch,linear,B_minus_C,ty70093,12,0.622776806332206,positive
perch,linear,B_minus_C,ty70118,12,0.86327593974652794,positive
perch,linear,B_minus_C,ty70233,12,0.63990272179927354,positive
perch,linear,B_minus_C,ty70249,12,0.48369624481088275,positive
perch,linear,B_minus_C,ty70291,12,0.78925581046487692,positive
perch,linear,B_minus_C,ty70575,12,0.82511835143414081,positive
perch,linear,B_minus_C,ty70701,12,0.0043859649122807058,positive
perch,linear,B_minus_C,ty70791,12,0.65219891950579556,positive
perch,linear,B_minus_C,ty70988,12,0.8265679034035901,positive
perch,linear,B_minus_C,vb55885,12,0.92292468334134992,positive
perch,linear,B_minus_C,vs83969,12,0.92718110636067308,positive
perch,linear,B_minus_C,vs84180,12,0.57323116698116694,positive
perch,linear,B_minus_C,vs84238,12,0.84684667246923262,positive
perch,linear,B_minus_C,vs84262,12,0.87897377857332115,positive
perch,linear,B_minus_C,vz29416,12,0.85052099946836768,positive
perch,linear,B_minus_C,vz29510,12,0.93198969646338081,positive
perch,linear,B_minus_C,vz30799,12,0.99603174603174605,positive
perch,linear,B_minus_C,vz31403,12,0.8644243913980757,positive
perch,linear,B_minus_C,vz31410,12,0.9203457674231158,positive
perch,linear,B_minus_C,vz31466,12,0.89959114959114961,positive
perch,linear,B_minus_C,vz31728,12,0.52292530759396993,positive
perch,linear,B_minus_C,vz31742,12,0.84702993417698502,positive
perch,linear,B_minus_C,vz31749,12,0.98245614035087714,positive
perch,linear,B_minus_C,vz31866,12,0.60837275340758323,positive
perch,linear,B_minus_C,vz31906,12,0.5690613668204304,positive
perch,linear,B_minus_C,vz32978,12,0.77898621845990268,positive
perch,linear,B_minus_C,vz33158,12,0.83004415069632442,positive
perch,linear,B_minus_C,vz33280,12,0.7390030946065429,positive
perch,linear,B_minus_C,vz33342,12,0.86879832252223144,positive
perch,linear,B_minus_C,vz33544,12,0.46228884491268385,positive
perch,linear,B_minus_C,vz33661,12,0.8956840630989239,positive
perch,linear,B_minus_C,vz33688,12,0.52113327848621971,positive
perch,linear,B_minus_C,vz33691,12,0.47411241469212489,positive
perch,linear,B_minus_C,vz33700,12,0.92482654600301661,positive
perch,linear,B_minus_C,vz33851,12,0.99603174603174605,positive
perch,linear,B_minus_C,vz33887,12,0.85225362096429713,positive
perch,linear,B_minus_C,vz33890,12,0.78838811042758417,positive
perch,linear,B_minus_C,vz33899,12,0.64392594025914462,positive
perch,centroid,B_minus_A,pf71373,12,0.36628619793581435,positive
perch,centroid,B_minus_A,pf71395,12,0.90578334708769503,positive
perch,centroid,B_minus_A,pf71411,12,0.41335978835978837,positive
perch,centroid,B_minus_A,pf71904,12,0.54172353288009278,positive
perch,centroid,B_minus_A,pf71915,12,0.52451788841388158,positive
perch,centroid,B_minus_A,pf71937,12,0.4746919840733228,positive
perch,centroid,B_minus_A,pf72101,12,0.49613510597283411,positive
perch,centroid,B_minus_A,pf72506,12,0.72642415243835112,positive
perch,centroid,B_minus_A,pf72509,12,0.85060516862576374,positive
perch,centroid,B_minus_A,pf72510,12,0.49946977917334845,positive
perch,centroid,B_minus_A,pf72514,12,0.97283272283272293,positive
perch,centroid,B_minus_A,pf72561,12,0.97807017543859642,positive
perch,centroid,B_minus_A,pf72730,12,0.49603174603174605,positive
perch,centroid,B_minus_A,pf72757,12,0.69525280815938684,positive
perch,centroid,B_minus_A,te80906,12,0.59897390920941651,positive
perch,centroid,B_minus_A,te80930,12,0.084468912729782283,positive
perch,centroid,B_minus_A,tj26850,12,0.54292232190782908,positive
perch,centroid,B_minus_A,tl38410,12,0.38717915991856428,positive
perch,centroid,B_minus_A,tl38650,12,0.50883614991125603,positive
perch,centroid,B_minus_A,tl38664,12,0.33965263537631962,positive
perch,centroid,B_minus_A,tr43216,12,0.45155024713848241,positive
perch,centroid,B_minus_A,tr43324,12,0.8717078433897657,positive
perch,centroid,B_minus_A,tr43332,12,0.18308913308913308,positive
perch,centroid,B_minus_A,tr43333,12,0.48183128361146932,positive
perch,centroid,B_minus_A,tr43342,12,0.090346283440912598,positive
perch,centroid,B_minus_A,ts47913,12,0,zero
perch,centroid,B_minus_A,ts47968,12,0.60840319736200754,positive
perch,centroid,B_minus_A,tv26548,12,0.41677289340498175,positive
perch,centroid,B_minus_A,tv44361,12,0.3246211373870948,positive
perch,centroid,B_minus_A,tw41613,12,0.39970153303486633,positive
perch,centroid,B_minus_A,tw41667,12,0.26727459099581857,positive
perch,centroid,B_minus_A,tw41728,12,0.53119247281442494,positive
perch,centroid,B_minus_A,tw41833,12,0.93990286172948723,positive
perch,centroid,B_minus_A,tw41850,12,0.46825396825396831,positive
perch,centroid,B_minus_A,tw41881,12,0.34077141232817459,positive
perch,centroid,B_minus_A,tw41893,12,0.486563718068387,positive
perch,centroid,B_minus_A,ty68001,12,0.49766905480140777,positive
perch,centroid,B_minus_A,ty68090,12,0.66046524138629403,positive
perch,centroid,B_minus_A,ty68169,12,0.47473869378511552,positive
perch,centroid,B_minus_A,ty68197,12,0.1583546462063086,positive
perch,centroid,B_minus_A,ty68250,12,0.45294638935943282,positive
perch,centroid,B_minus_A,ty68256,12,0.4332850365225307,positive
perch,centroid,B_minus_A,ty68266,12,0.85375970895993136,positive
perch,centroid,B_minus_A,ty68269,12,0.90322479452914239,positive
perch,centroid,B_minus_A,ty68288,12,0.53600148684254012,positive
perch,centroid,B_minus_A,ty68290,12,0.37014770126898272,positive
perch,centroid,B_minus_A,ty68302,12,0.50610277921217539,positive
perch,centroid,B_minus_A,ty68314,12,0.31016749823863171,positive
perch,centroid,B_minus_A,ty68356,12,0.93451842275371699,positive
perch,centroid,B_minus_A,ty68365,12,0.69914958240557867,positive
perch,centroid,B_minus_A,ty68368,12,0.33561681065494953,positive
perch,centroid,B_minus_A,ty68410,12,0.7205716252770028,positive
perch,centroid,B_minus_A,ty68701,12,0.55709084108291507,positive
perch,centroid,B_minus_A,ty68797,12,0.65700938371351891,positive
perch,centroid,B_minus_A,ty68817,12,0.0074008704872549251,positive
perch,centroid,B_minus_A,ty69095,12,0.0020353915090757235,positive
perch,centroid,B_minus_A,ty69215,12,0.47472574117899868,positive
perch,centroid,B_minus_A,ty69216,12,0.57947450754103735,positive
perch,centroid,B_minus_A,ty69429,12,0.013888888888888888,positive
perch,centroid,B_minus_A,ty69450,12,0.611130033329634,positive
perch,centroid,B_minus_A,ty69456,12,0.6796249732139118,positive
perch,centroid,B_minus_A,ty69457,12,0.5255443866705477,positive
perch,centroid,B_minus_A,ty69479,12,0.26259177913589676,positive
perch,centroid,B_minus_A,ty69494,12,0.55097798229640782,positive
perch,centroid,B_minus_A,ty69500,12,0.91601006855879419,positive
perch,centroid,B_minus_A,ty70009,12,0.10256410256410257,positive
perch,centroid,B_minus_A,ty70013,12,0.5115745799047724,positive
perch,centroid,B_minus_A,ty70023,12,0.27309408555108944,positive
perch,centroid,B_minus_A,ty70082,12,0.7842256584097399,positive
perch,centroid,B_minus_A,ty70093,12,0.49394943912487771,positive
perch,centroid,B_minus_A,ty70118,12,0.95972928038145433,positive
perch,centroid,B_minus_A,ty70233,12,0.7280938318433553,positive
perch,centroid,B_minus_A,ty70249,12,0.57432797021183746,positive
perch,centroid,B_minus_A,ty70291,12,0.19957393483709271,positive
perch,centroid,B_minus_A,ty70575,12,0.76207906827472038,positive
perch,centroid,B_minus_A,ty70701,12,0.013645224171539969,positive
perch,centroid,B_minus_A,ty70791,12,0.48111141338294211,positive
perch,centroid,B_minus_A,ty70988,12,0.18448282024133419,positive
perch,centroid,B_minus_A,vb55885,12,0.58603801169590641,positive
perch,centroid,B_minus_A,vs83969,12,0.61515220712791041,positive
perch,centroid,B_minus_A,vs84180,12,0.31971322794852203,positive
perch,centroid,B_minus_A,vs84238,12,0.45832663924769185,positive
perch,centroid,B_minus_A,vs84262,12,0.40896418396418394,positive
perch,centroid,B_minus_A,vz29416,12,0.64682539682539686,positive
perch,centroid,B_minus_A,vz29510,12,0.85593443057211183,positive
perch,centroid,B_minus_A,vz30799,12,0.95643547273982055,positive
perch,centroid,B_minus_A,vz31403,12,0.43154298872689673,positive
perch,centroid,B_minus_A,vz31410,12,0.69122471858169787,positive
perch,centroid,B_minus_A,vz31466,12,0.087315462315462333,positive
perch,centroid,B_minus_A,vz31728,12,0.35834852282220703,positive
perch,centroid,B_minus_A,vz31742,12,0.25165404040404044,positive
perch,centroid,B_minus_A,vz31749,12,0.75377851924391159,positive
perch,centroid,B_minus_A,vz31866,12,0.16328091842797726,positive
perch,centroid,B_minus_A,vz31906,12,0.70152254802511915,positive
perch,centroid,B_minus_A,vz32978,12,0.94101454101454085,positive
perch,centroid,B_minus_A,vz33158,12,0.42514384733503507,positive
perch,centroid,B_minus_A,vz33280,12,0.63609022556390971,positive
perch,centroid,B_minus_A,vz33342,12,0.48072313327185889,positive
perch,centroid,B_minus_A,vz33544,12,0.55135947428904086,positive
perch,centroid,B_minus_A,vz33661,12,0.60737133949088828,positive
perch,centroid,B_minus_A,vz33688,12,0.17787871407399714,positive
perch,centroid,B_minus_A,vz33691,12,0.18848432839619386,positive
perch,centroid,B_minus_A,vz33700,12,0.81812305360465498,positive
perch,centroid,B_minus_A,vz33851,12,0.71462681243382997,positive
perch,centroid,B_minus_A,vz33887,12,0.6714103039305277,positive
perch,centroid,B_minus_A,vz33890,12,0.86254809843015723,positive
perch,centroid,B_minus_A,vz33899,12,0.68957320457320448,positive
perch,centroid,B_minus_C,pf71373,12,0.31065432980394619,positive
perch,centroid,B_minus_C,pf71395,12,0.90578334708769503,positive
perch,centroid,B_minus_C,pf71411,12,0.41335978835978837,positive
perch,centroid,B_minus_C,pf71904,12,0.55098279213935197,positive
perch,centroid,B_minus_C,pf71915,12,0.53933270322869642,positive
perch,centroid,B_minus_C,pf71937,12,0.45785696723830593,positive
perch,centroid,B_minus_C,pf72101,12,0.46003814193469367,positive
perch,centroid,B_minus_C,pf72506,12,0.72642415243835112,positive
perch,centroid,B_minus_C,pf72509,12,0.85060516862576374,positive
perch,centroid,B_minus_C,pf72510,12,0.49265159735516661,positive
perch,centroid,B_minus_C,pf72514,12,0.97283272283272293,positive
perch,centroid,B_minus_C,pf72561,12,0.97807017543859642,positive
perch,centroid,B_minus_C,pf72730,12,0.49603174603174605,positive
perch,centroid,B_minus_C,pf72757,12,0.69525280815938684,positive
perch,centroid,B_minus_C,te80906,12,0.59897390920941651,positive
perch,centroid,B_minus_C,te80930,12,0.099620427881297435,positive
perch,centroid,B_minus_C,tj26850,12,0.59336825278854255,positive
perch,centroid,B_minus_C,tl38410,12,0.39475491749432184,positive
perch,centroid,B_minus_C,tl38650,12,0.50476225463591973,positive
perch,centroid,B_minus_C,tl38664,12,0.33965263537631962,positive
perch,centroid,B_minus_C,tr43216,12,0.43580575770978247,positive
perch,centroid,B_minus_C,tr43324,12,0.8717078433897657,positive
perch,centroid,B_minus_C,tr43332,12,0.2809523809523809,positive
perch,centroid,B_minus_C,tr43333,12,0.47751029595714839,positive
perch,centroid,B_minus_C,tr43342,12,0.11743092384077038,positive
perch,centroid,B_minus_C,ts47913,12,0,zero
perch,centroid,B_minus_C,ts47968,12,0.64277729273438655,positive
perch,centroid,B_minus_C,tv26548,12,0.4034077182751008,positive
perch,centroid,B_minus_C,tv44361,12,0.28457534102695392,positive
perch,centroid,B_minus_C,tw41613,12,0.47798436131769462,positive
perch,centroid,B_minus_C,tw41667,12,0.26727459099581857,positive
perch,centroid,B_minus_C,tw41728,12,0.51837195999391217,positive
perch,centroid,B_minus_C,tw41833,12,0.93990286172948723,positive
perch,centroid,B_minus_C,tw41850,12,0.46825396825396831,positive
perch,centroid,B_minus_C,tw41881,12,0.40188223082959929,positive
perch,centroid,B_minus_C,tw41893,12,0.49116689267156161,positive
perch,centroid,B_minus_C,ty68001,12,0.49766905480140777,positive
perch,centroid,B_minus_C,ty68090,12,0.66463190805296068,positive
perch,centroid,B_minus_C,ty68169,12,0.50053234457876628,positive
perch,centroid,B_minus_C,ty68197,12,0.1583546462063086,positive
perch,centroid,B_minus_C,ty68250,12,0.45294638935943282,positive
perch,centroid,B_minus_C,ty68256,12,0.4332850365225307,positive
perch,centroid,B_minus_C,ty68266,12,0.85375970895993136,positive
perch,centroid,B_minus_C,ty68269,12,0.90322479452914239,positive
perch,centroid,B_minus_C,ty68288,12,0.58742452788245425,positive
perch,centroid,B_minus_C,ty68290,12,0.37014770126898272,positive
perch,centroid,B_minus_C,ty68302,12,0.51764911542956427,positive
perch,centroid,B_minus_C,ty68314,12,0.4711953385629451,positive
perch,centroid,B_minus_C,ty68356,12,0.77990412365412365,positive
perch,centroid,B_minus_C,ty68365,12,0.69914958240557867,positive
perch,centroid,B_minus_C,ty68368,12,0.41496607504425959,positive
perch,centroid,B_minus_C,ty68410,12,0.82427131729191228,positive
perch,centroid,B_minus_C,ty68701,12,0.53775328111320397,positive
perch,centroid,B_minus_C,ty68797,12,0.65700938371351891,positive
perch,centroid,B_minus_C,ty68817,12,0.15189013433309437,positive
perch,centroid,B_minus_C,ty69095,12,0.38737831369410314,positive
perch,centroid,B_minus_C,ty69215,12,0.42197329378393444,positive
perch,centroid,B_minus_C,ty69216,12,0.55431154887424239,positive
perch,centroid,B_minus_C,ty69429,12,0.013888888888888888,positive
perch,centroid,B_minus_C,ty69450,12,0.60650040370000446,positive
perch,centroid,B_minus_C,ty69456,12,0.67958854709923822,positive
perch,centroid,B_minus_C,ty69457,12,0.51800236986382497,positive
perch,centroid,B_minus_C,ty69479,12,0.24612119090060261,positive
perch,centroid,B_minus_C,ty69494,12,0.7011384350312313,positive
perch,centroid,B_minus_C,ty69500,12,0.91601006855879419,positive
perch,centroid,B_minus_C,ty70009,12,0.10256410256410257,positive
perch,centroid,B_minus_C,ty70013,12,0.5115745799047724,positive
perch,centroid,B_minus_C,ty70023,12,0.2441467171300368,positive
perch,centroid,B_minus_C,ty70082,12,0.7842256584097399,positive
perch,centroid,B_minus_C,ty70093,12,0.50536183134222346,positive
perch,centroid,B_minus_C,ty70118,12,0.95047002112219514,positive
perch,centroid,B_minus_C,ty70233,12,0.71492548667692002,positive
perch,centroid,B_minus_C,ty70249,12,0.57156716863524648,positive
perch,centroid,B_minus_C,ty70291,12,0.21327125284475557,positive
perch,centroid,B_minus_C,ty70575,12,0.76207906827472038,positive
perch,centroid,B_minus_C,ty70701,12,0.0043859649122807058,positive
perch,centroid,B_minus_C,ty70791,12,0.5456195149305173,positive
perch,centroid,B_minus_C,ty70988,12,0.22539191115042509,positive
perch,centroid,B_minus_C,vb55885,12,0.58603801169590641,positive
perch,centroid,B_minus_C,vs83969,12,0.65959665157235492,positive
perch,centroid,B_minus_C,vs84180,12,0.27820904757437265,positive
perch,centroid,B_minus_C,vs84238,12,0.39429440767160062,positive
perch,centroid,B_minus_C,vs84262,12,0.40896418396418394,positive
perch,centroid,B_minus_C,vz29416,12,0.64682539682539686,positive
perch,centroid,B_minus_C,vz29510,12,0.85593443057211183,positive
perch,centroid,B_minus_C,vz30799,12,0.95643547273982055,positive
perch,centroid,B_minus_C,vz31403,12,0.43154298872689673,positive
perch,centroid,B_minus_C,vz31410,12,0.69122471858169787,positive
perch,centroid,B_minus_C,vz31466,12,0.087315462315462333,positive
perch,centroid,B_minus_C,vz31728,12,0.34723741171109596,positive
perch,centroid,B_minus_C,vz31742,12,0.25165404040404044,positive
perch,centroid,B_minus_C,vz31749,12,0.75377851924391159,positive
perch,centroid,B_minus_C,vz31866,12,0.22470691145226751,positive
perch,centroid,B_minus_C,vz31906,12,0.71263365913623034,positive
perch,centroid,B_minus_C,vz32978,12,0.94101454101454085,positive
perch,centroid,B_minus_C,vz33158,12,0.4326217813003832,positive
perch,centroid,B_minus_C,vz33280,12,0.63609022556390971,positive
perch,centroid,B_minus_C,vz33342,12,0.48829889084761646,positive
perch,centroid,B_minus_C,vz33544,12,0.69729895147851817,positive
perch,centroid,B_minus_C,vz33661,12,0.60737133949088828,positive
perch,centroid,B_minus_C,vz33688,12,0.24195462260477732,positive
perch,centroid,B_minus_C,vz33691,12,0.21831549541099074,positive
perch,centroid,B_minus_C,vz33700,12,0.81499022152445455,positive
perch,centroid,B_minus_C,vz33851,12,0.71462681243382997,positive
perch,centroid,B_minus_C,vz33887,12,0.6714103039305277,positive
perch,centroid,B_minus_C,vz33890,12,0.86254809843015723,positive
perch,centroid,B_minus_C,vz33899,12,0.6928472145138812,positive
