panel,pipeline,readout,contrast,endpoint_role,estimate,panel_ci_low_not_plotted,panel_ci_high_not_plotted,positive,config_mean,conditional_ci_low,conditional_ci_high,n_panels,n_birds,bootstrap_draws,conditioning,source_panel_csv_sha256,source_conditional_csv_sha256
panel001,birdnet,linear,B_minus_A,co_primary,0.59838255343732805,0.53277257458293481,0.66092329935713223,true,0.62386124792243258,0.57699235501591584,0.66954181969619464,12,107,10000,fixed_12_generated_configurations,d7504c6804915d47532d497fbda20929778aebf0c59b8bb5033cd129a8eebc85,1dbdd0210e96f314773627ae78abaad6efba3005b9b44c65a779b1d2cf81e034
panel002,birdnet,linear,B_minus_A,co_primary,0.60394327048075258,0.52960628431781553,0.67539355909854859,true,0.62386124792243258,0.57699235501591584,0.66954181969619464,12,107,10000,fixed_12_generated_configurations,d7504c6804915d47532d497fbda20929778aebf0c59b8bb5033cd129a8eebc85,1dbdd0210e96f314773627ae78abaad6efba3005b9b44c65a779b1d2cf81e034
panel003,birdnet,linear,B_minus_A,co_primary,0.63897279096271997,0.56149080507550253,0.71036031731352112,true,0.62386124792243258,0.57699235501591584,0.66954181969619464,12,107,10000,fixed_12_generated_configurations,d7504c6804915d47532d497fbda20929778aebf0c59b8bb5033cd129a8eebc85,1dbdd0210e96f314773627ae78abaad6efba3005b9b44c65a779b1d2cf81e034
panel004,birdnet,linear,B_minus_A,co_primary,0.5776838623290772,0.50581464373055907,0.64526340265949167,true,0.62386124792243258,0.57699235501591584,0.66954181969619464,12,107,10000,fixed_12_generated_configurations,d7504c6804915d47532d497fbda20929778aebf0c59b8bb5033cd129a8eebc85,1dbdd0210e96f314773627ae78abaad6efba3005b9b44c65a779b1d2cf81e034
panel005,birdnet,linear,B_minus_A,co_primary,0.65571182516260218,0.59461891899640018,0.71337745294848931,true,0.62386124792243258,0.57699235501591584,0.66954181969619464,12,107,10000,fixed_12_generated_configurations,d7504c6804915d47532d497fbda20929778aebf0c59b8bb5033cd129a8eebc85,1dbdd0210e96f314773627ae78abaad6efba3005b9b44c65a779b1d2cf81e034
panel006,birdnet,linear,B_minus_A,co_primary,0.68184739433171315,0.62042614014748521,0.74235555980458057,true,0.62386124792243258,0.57699235501591584,0.66954181969619464,12,107,10000,fixed_12_generated_configurations,d7504c6804915d47532d497fbda20929778aebf0c59b8bb5033cd129a8eebc85,1dbdd0210e96f314773627ae78abaad6efba3005b9b44c65a779b1d2cf81e034
panel007,birdnet,linear,B_minus_A,co_primary,0.63293210564020386,0.5677006365551166,0.69636032115334379,true,0.62386124792243258,0.57699235501591584,0.66954181969619464,12,107,10000,fixed_12_generated_configurations,d7504c6804915d47532d497fbda20929778aebf0c59b8bb5033cd129a8eebc85,1dbdd0210e96f314773627ae78abaad6efba3005b9b44c65a779b1d2cf81e034
panel008,birdnet,linear,B_minus_A,co_primary,0.59663175769034826,0.52347930279498289,0.6667506199591442,true,0.62386124792243258,0.57699235501591584,0.66954181969619464,12,107,10000,fixed_12_generated_configurations,d7504c6804915d47532d497fbda20929778aebf0c59b8bb5033cd129a8eebc85,1dbdd0210e96f314773627ae78abaad6efba3005b9b44c65a779b1d2cf81e034
panel009,birdnet,linear,B_minus_A,co_primary,0.65547609683819796,0.59207186930117395,0.71528532061581607,true,0.62386124792243258,0.57699235501591584,0.66954181969619464,12,107,10000,fixed_12_generated_configurations,d7504c6804915d47532d497fbda20929778aebf0c59b8bb5033cd129a8eebc85,1dbdd0210e96f314773627ae78abaad6efba3005b9b44c65a779b1d2cf81e034
panel010,birdnet,linear,B_minus_A,co_primary,0.61338704479555251,0.54305544988353693,0.67884889685315908,true,0.62386124792243258,0.57699235501591584,0.66954181969619464,12,107,10000,fixed_12_generated_configurations,d7504c6804915d47532d497fbda20929778aebf0c59b8bb5033cd129a8eebc85,1dbdd0210e96f314773627ae78abaad6efba3005b9b44c65a779b1d2cf81e034
panel011,birdnet,linear,B_minus_A,co_primary,0.57592475826296585,0.50181758360981199,0.64827677872309231,true,0.62386124792243258,0.57699235501591584,0.66954181969619464,12,107,10000,fixed_12_generated_configurations,d7504c6804915d47532d497fbda20929778aebf0c59b8bb5033cd129a8eebc85,1dbdd0210e96f314773627ae78abaad6efba3005b9b44c65a779b1d2cf81e034
panel012,birdnet,linear,B_minus_A,co_primary,0.65544151513772908,0.59758694333877749,0.71327380359513792,true,0.62386124792243258,0.57699235501591584,0.66954181969619464,12,107,10000,fixed_12_generated_configurations,d7504c6804915d47532d497fbda20929778aebf0c59b8bb5033cd129a8eebc85,1dbdd0210e96f314773627ae78abaad6efba3005b9b44c65a779b1d2cf81e034
panel001,birdnet,linear,B_minus_C,co_primary,0.70166972140461825,0.6484823717098448,0.75164932647138816,true,0.70544571120082977,0.66573379300611046,0.74364640435901685,12,107,10000,fixed_12_generated_configurations,d7504c6804915d47532d497fbda20929778aebf0c59b8bb5033cd129a8eebc85,1dbdd0210e96f314773627ae78abaad6efba3005b9b44c65a779b1d2cf81e034
panel002,birdnet,linear,B_minus_C,co_primary,0.68090804951081296,0.61978943424216404,0.73765732908635073,true,0.70544571120082977,0.66573379300611046,0.74364640435901685,12,107,10000,fixed_12_generated_configurations,d7504c6804915d47532d497fbda20929778aebf0c59b8bb5033cd129a8eebc85,1dbdd0210e96f314773627ae78abaad6efba3005b9b44c65a779b1d2cf81e034
panel003,birdnet,linear,B_minus_C,co_primary,0.71951196213884827,0.65948396747283522,0.77693277437614994,true,0.70544571120082977,0.66573379300611046,0.74364640435901685,12,107,10000,fixed_12_generated_configurations,d7504c6804915d47532d497fbda20929778aebf0c59b8bb5033cd129a8eebc85,1dbdd0210e96f314773627ae78abaad6efba3005b9b44c65a779b1d2cf81e034
panel004,birdnet,linear,B_minus_C,co_primary,0.67141626060021198,0.61131302864428927,0.72972743554465225,true,0.70544571120082977,0.66573379300611046,0.74364640435901685,12,107,10000,fixed_12_generated_configurations,d7504c6804915d47532d497fbda20929778aebf0c59b8bb5033cd129a8eebc85,1dbdd0210e96f314773627ae78abaad6efba3005b9b44c65a779b1d2cf81e034
panel005,birdnet,linear,B_minus_C,co_primary,0.75300816820802585,0.70134305161960298,0.80222156824456647,true,0.70544571120082977,0.66573379300611046,0.74364640435901685,12,107,10000,fixed_12_generated_configurations,d7504c6804915d47532d497fbda20929778aebf0c59b8bb5033cd129a8eebc85,1dbdd0210e96f314773627ae78abaad6efba3005b9b44c65a779b1d2cf81e034
panel006,birdnet,linear,B_minus_C,co_primary,0.72443578361910355,0.67183674786204084,0.77521284807257673,true,0.70544571120082977,0.66573379300611046,0.74364640435901685,12,107,10000,fixed_12_generated_configurations,d7504c6804915d47532d497fbda20929778aebf0c59b8bb5033cd129a8eebc85,1dbdd0210e96f314773627ae78abaad6efba3005b9b44c65a779b1d2cf81e034
panel007,birdnet,linear,B_minus_C,co_primary,0.69604269717458089,0.63975034811106235,0.75090743478907895,true,0.70544571120082977,0.66573379300611046,0.74364640435901685,12,107,10000,fixed_12_generated_configurations,d7504c6804915d47532d497fbda20929778aebf0c59b8bb5033cd129a8eebc85,1dbdd0210e96f314773627ae78abaad6efba3005b9b44c65a779b1d2cf81e034
panel008,birdnet,linear,B_minus_C,co_primary,0.70061404876387379,0.64103811811141742,0.75855478627118234,true,0.70544571120082977,0.66573379300611046,0.74364640435901685,12,107,10000,fixed_12_generated_configurations,d7504c6804915d47532d497fbda20929778aebf0c59b8bb5033cd129a8eebc85,1dbdd0210e96f314773627ae78abaad6efba3005b9b44c65a779b1d2cf81e034
panel009,birdnet,linear,B_minus_C,co_primary,0.6979427345238739,0.64080912091157927,0.75310030717620258,true,0.70544571120082977,0.66573379300611046,0.74364640435901685,12,107,10000,fixed_12_generated_configurations,d7504c6804915d47532d497fbda20929778aebf0c59b8bb5033cd129a8eebc85,1dbdd0210e96f314773627ae78abaad6efba3005b9b44c65a779b1d2cf81e034
panel010,birdnet,linear,B_minus_C,co_primary,0.73449358570876444,0.68120208522189751,0.78397887641078023,true,0.70544571120082977,0.66573379300611046,0.74364640435901685,12,107,10000,fixed_12_generated_configurations,d7504c6804915d47532d497fbda20929778aebf0c59b8bb5033cd129a8eebc85,1dbdd0210e96f314773627ae78abaad6efba3005b9b44c65a779b1d2cf81e034
panel011,birdnet,linear,B_minus_C,co_primary,0.68350280093585203,0.62482835435132122,0.74228358554212159,true,0.70544571120082977,0.66573379300611046,0.74364640435901685,12,107,10000,fixed_12_generated_configurations,d7504c6804915d47532d497fbda20929778aebf0c59b8bb5033cd129a8eebc85,1dbdd0210e96f314773627ae78abaad6efba3005b9b44c65a779b1d2cf81e034
panel012,birdnet,linear,B_minus_C,co_primary,0.7018027218213917,0.64514026045993045,0.75653118735896052,true,0.70544571120082977,0.66573379300611046,0.74364640435901685,12,107,10000,fixed_12_generated_configurations,d7504c6804915d47532d497fbda20929778aebf0c59b8bb5033cd129a8eebc85,1dbdd0210e96f314773627ae78abaad6efba3005b9b44c65a779b1d2cf81e034
panel001,perch,linear,B_minus_A,co_primary,0.71424785475652175,0.65291578815369111,0.77287791637229997,true,0.73451925076920366,0.69357312448671038,0.77420725699804094,12,107,10000,fixed_12_generated_configurations,d7504c6804915d47532d497fbda20929778aebf0c59b8bb5033cd129a8eebc85,1dbdd0210e96f314773627ae78abaad6efba3005b9b44c65a779b1d2cf81e034
panel002,perch,linear,B_minus_A,co_primary,0.71766608471913529,0.66070282174788431,0.77391015654791651,true,0.73451925076920366,0.69357312448671038,0.77420725699804094,12,107,10000,fixed_12_generated_configurations,d7504c6804915d47532d497fbda20929778aebf0c59b8bb5033cd129a8eebc85,1dbdd0210e96f314773627ae78abaad6efba3005b9b44c65a779b1d2cf81e034
panel003,perch,linear,B_minus_A,co_primary,0.74589321224997107,0.68427568364328628,0.80373106615470058,true,0.73451925076920366,0.69357312448671038,0.77420725699804094,12,107,10000,fixed_12_generated_configurations,d7504c6804915d47532d497fbda20929778aebf0c59b8bb5033cd129a8eebc85,1dbdd0210e96f314773627ae78abaad6efba3005b9b44c65a779b1d2cf81e034
panel004,perch,linear,B_minus_A,co_primary,0.71489309111288302,0.65043094113150879,0.77552760606527249,true,0.73451925076920366,0.69357312448671038,0.77420725699804094,12,107,10000,fixed_12_generated_configurations,d7504c6804915d47532d497fbda20929778aebf0c59b8bb5033cd129a8eebc85,1dbdd0210e96f314773627ae78abaad6efba3005b9b44c65a779b1d2cf81e034
panel005,perch,linear,B_minus_A,co_primary,0.72744195150628077,0.67285934353443022,0.7788604404024857,true,0.73451925076920366,0.69357312448671038,0.77420725699804094,12,107,10000,fixed_12_generated_configurations,d7504c6804915d47532d497fbda20929778aebf0c59b8bb5033cd129a8eebc85,1dbdd0210e96f314773627ae78abaad6efba3005b9b44c65a779b1d2cf81e034
panel006,perch,linear,B_minus_A,co_primary,0.76112236205073425,0.70783161342117062,0.81150826139272025,true,0.73451925076920366,0.69357312448671038,0.77420725699804094,12,107,10000,fixed_12_generated_configurations,d7504c6804915d47532d497fbda20929778aebf0c59b8bb5033cd129a8eebc85,1dbdd0210e96f314773627ae78abaad6efba3005b9b44c65a779b1d2cf81e034
panel007,perch,linear,B_minus_A,co_primary,0.73938227983600513,0.67584051271682721,0.8003232631154491,true,0.73451925076920366,0.69357312448671038,0.77420725699804094,12,107,10000,fixed_12_generated_configurations,d7504c6804915d47532d497fbda20929778aebf0c59b8bb5033cd129a8eebc85,1dbdd0210e96f314773627ae78abaad6efba3005b9b44c65a779b1d2cf81e034
panel008,perch,linear,B_minus_A,co_primary,0.74192381317041312,0.68820463450307001,0.7940810189729125,true,0.73451925076920366,0.69357312448671038,0.77420725699804094,12,107,10000,fixed_12_generated_configurations,d7504c6804915d47532d497fbda20929778aebf0c59b8bb5033cd129a8eebc85,1dbdd0210e96f314773627ae78abaad6efba3005b9b44c65a779b1d2cf81e034
panel009,perch,linear,B_minus_A,co_primary,0.72616669973444248,0.67144515530142967,0.77877363890322238,true,0.73451925076920366,0.69357312448671038,0.77420725699804094,12,107,10000,fixed_12_generated_configurations,d7504c6804915d47532d497fbda20929778aebf0c59b8bb5033cd129a8eebc85,1dbdd0210e96f314773627ae78abaad6efba3005b9b44c65a779b1d2cf81e034
panel010,perch,linear,B_minus_A,co_primary,0.75933682843464523,0.70018115117670654,0.81479524008606363,true,0.73451925076920366,0.69357312448671038,0.77420725699804094,12,107,10000,fixed_12_generated_configurations,d7504c6804915d47532d497fbda20929778aebf0c59b8bb5033cd129a8eebc85,1dbdd0210e96f314773627ae78abaad6efba3005b9b44c65a779b1d2cf81e034
panel011,perch,linear,B_minus_A,co_primary,0.6951316488255479,0.63704783693200728,0.75261074077450363,true,0.73451925076920366,0.69357312448671038,0.77420725699804094,12,107,10000,fixed_12_generated_configurations,d7504c6804915d47532d497fbda20929778aebf0c59b8bb5033cd129a8eebc85,1dbdd0210e96f314773627ae78abaad6efba3005b9b44c65a779b1d2cf81e034
panel012,perch,linear,B_minus_A,co_primary,0.77102518283386356,0.71824052762851132,0.82178402387869609,true,0.73451925076920366,0.69357312448671038,0.77420725699804094,12,107,10000,fixed_12_generated_configurations,d7504c6804915d47532d497fbda20929778aebf0c59b8bb5033cd129a8eebc85,1dbdd0210e96f314773627ae78abaad6efba3005b9b44c65a779b1d2cf81e034
panel001,perch,linear,B_minus_C,co_primary,0.78794041333746911,0.7365671065264946,0.83591951110422646,true,0.78164717680923745,0.7465379004158692,0.81471797812937796,12,107,10000,fixed_12_generated_configurations,d7504c6804915d47532d497fbda20929778aebf0c59b8bb5033cd129a8eebc85,1dbdd0210e96f314773627ae78abaad6efba3005b9b44c65a779b1d2cf81e034
panel002,perch,linear,B_minus_C,co_primary,0.75589306962688141,0.70428769771344291,0.80488791836182594,true,0.78164717680923745,0.7465379004158692,0.81471797812937796,12,107,10000,fixed_12_generated_configurations,d7504c6804915d47532d497fbda20929778aebf0c59b8bb5033cd129a8eebc85,1dbdd0210e96f314773627ae78abaad6efba3005b9b44c65a779b1d2cf81e034
panel003,perch,linear,B_minus_C,co_primary,0.81314728946417547,0.7644192850118795,0.85849194613787738,true,0.78164717680923745,0.7465379004158692,0.81471797812937796,12,107,10000,fixed_12_generated_configurations,d7504c6804915d47532d497fbda20929778aebf0c59b8bb5033cd129a8eebc85,1dbdd0210e96f314773627ae78abaad6efba3005b9b44c65a779b1d2cf81e034
panel004,perch,linear,B_minus_C,co_primary,0.77954079098443918,0.72884710445418233,0.82788900025616008,true,0.78164717680923745,0.7465379004158692,0.81471797812937796,12,107,10000,fixed_12_generated_configurations,d7504c6804915d47532d497fbda20929778aebf0c59b8bb5033cd129a8eebc85,1dbdd0210e96f314773627ae78abaad6efba3005b9b44c65a779b1d2cf81e034
panel005,perch,linear,B_minus_C,co_primary,0.79747060557964555,0.74811169943253941,0.84386692485986792,true,0.78164717680923745,0.7465379004158692,0.81471797812937796,12,107,10000,fixed_12_generated_configurations,d7504c6804915d47532d497fbda20929778aebf0c59b8bb5033cd129a8eebc85,1dbdd0210e96f314773627ae78abaad6efba3005b9b44c65a779b1d2cf81e034
panel006,perch,linear,B_minus_C,co_primary,0.78443131099521457,0.73488914731036303,0.83136657596120134,true,0.78164717680923745,0.7465379004158692,0.81471797812937796,12,107,10000,fixed_12_generated_configurations,d7504c6804915d47532d497fbda20929778aebf0c59b8bb5033cd129a8eebc85,1dbdd0210e96f314773627ae78abaad6efba3005b9b44c65a779b1d2cf81e034
panel007,perch,linear,B_minus_C,co_primary,0.78609924544719989,0.73315777513369995,0.83675212751295791,true,0.78164717680923745,0.7465379004158692,0.81471797812937796,12,107,10000,fixed_12_generated_configurations,d7504c6804915d47532d497fbda20929778aebf0c59b8bb5033cd129a8eebc85,1dbdd0210e96f314773627ae78abaad6efba3005b9b44c65a779b1d2cf81e034
panel008,perch,linear,B_minus_C,co_primary,0.77454075637903863,0.72760612313377437,0.8204141682596211,true,0.78164717680923745,0.7465379004158692,0.81471797812937796,12,107,10000,fixed_12_generated_configurations,d7504c6804915d47532d497fbda20929778aebf0c59b8bb5033cd129a8eebc85,1dbdd0210e96f314773627ae78abaad6efba3005b9b44c65a779b1d2cf81e034
panel009,perch,linear,B_minus_C,co_primary,0.77984492064411226,0.72906547428986601,0.82815389689470698,true,0.78164717680923745,0.7465379004158692,0.81471797812937796,12,107,10000,fixed_12_generated_configurations,d7504c6804915d47532d497fbda20929778aebf0c59b8bb5033cd129a8eebc85,1dbdd0210e96f314773627ae78abaad6efba3005b9b44c65a779b1d2cf81e034
panel010,perch,linear,B_minus_C,co_primary,0.80747144657540382,0.75764307341672077,0.85557131804146735,true,0.78164717680923745,0.7465379004158692,0.81471797812937796,12,107,10000,fixed_12_generated_configurations,d7504c6804915d47532d497fbda20929778aebf0c59b8bb5033cd129a8eebc85,1dbdd0210e96f314773627ae78abaad6efba3005b9b44c65a779b1d2cf81e034
panel011,perch,linear,B_minus_C,co_primary,0.73735907215649366,0.67990481591678109,0.7927418665395205,true,0.78164717680923745,0.7465379004158692,0.81471797812937796,12,107,10000,fixed_12_generated_configurations,d7504c6804915d47532d497fbda20929778aebf0c59b8bb5033cd129a8eebc85,1dbdd0210e96f314773627ae78abaad6efba3005b9b44c65a779b1d2cf81e034
panel012,perch,linear,B_minus_C,co_primary,0.7760272005207749,0.72206339550010779,0.82597921738259117,true,0.78164717680923745,0.7465379004158692,0.81471797812937796,12,107,10000,fixed_12_generated_configurations,d7504c6804915d47532d497fbda20929778aebf0c59b8bb5033cd129a8eebc85,1dbdd0210e96f314773627ae78abaad6efba3005b9b44c65a779b1d2cf81e034
panel001,birdnet,centroid,B_minus_A,secondary_readout_robustness,0.46098998681484077,0.37475421777501555,0.5454362849530473,true,0.5254415042392887,0.47484910709199407,0.57531505823129903,12,107,10000,fixed_12_generated_configurations,d7504c6804915d47532d497fbda20929778aebf0c59b8bb5033cd129a8eebc85,1dbdd0210e96f314773627ae78abaad6efba3005b9b44c65a779b1d2cf81e034
panel002,birdnet,centroid,B_minus_A,secondary_readout_robustness,0.51053561095695354,0.42353020606731401,0.59543247008240308,true,0.5254415042392887,0.47484910709199407,0.57531505823129903,12,107,10000,fixed_12_generated_configurations,d7504c6804915d47532d497fbda20929778aebf0c59b8bb5033cd129a8eebc85,1dbdd0210e96f314773627ae78abaad6efba3005b9b44c65a779b1d2cf81e034
panel003,birdnet,centroid,B_minus_A,secondary_readout_robustness,0.58505790018488013,0.50243575118814021,0.66346590566224373,true,0.5254415042392887,0.47484910709199407,0.57531505823129903,12,107,10000,fixed_12_generated_configurations,d7504c6804915d47532d497fbda20929778aebf0c59b8bb5033cd129a8eebc85,1dbdd0210e96f314773627ae78abaad6efba3005b9b44c65a779b1d2cf81e034
panel004,birdnet,centroid,B_minus_A,secondary_readout_robustness,0.50452891814053802,0.42765762447097738,0.57860154200975678,true,0.5254415042392887,0.47484910709199407,0.57531505823129903,12,107,10000,fixed_12_generated_configurations,d7504c6804915d47532d497fbda20929778aebf0c59b8bb5033cd129a8eebc85,1dbdd0210e96f314773627ae78abaad6efba3005b9b44c65a779b1d2cf81e034
panel005,birdnet,centroid,B_minus_A,secondary_readout_robustness,0.52620125578888277,0.45578190057022439,0.59681348255515476,true,0.5254415042392887,0.47484910709199407,0.57531505823129903,12,107,10000,fixed_12_generated_configurations,d7504c6804915d47532d497fbda20929778aebf0c59b8bb5033cd129a8eebc85,1dbdd0210e96f314773627ae78abaad6efba3005b9b44c65a779b1d2cf81e034
panel006,birdnet,centroid,B_minus_A,secondary_readout_robustness,0.57353694460200699,0.49786113006733557,0.64738165194460495,true,0.5254415042392887,0.47484910709199407,0.57531505823129903,12,107,10000,fixed_12_generated_configurations,d7504c6804915d47532d497fbda20929778aebf0c59b8bb5033cd129a8eebc85,1dbdd0210e96f314773627ae78abaad6efba3005b9b44c65a779b1d2cf81e034
panel007,birdnet,centroid,B_minus_A,secondary_readout_robustness,0.56821434734105247,0.49041952858774168,0.6420156029558024,true,0.5254415042392887,0.47484910709199407,0.57531505823129903,12,107,10000,fixed_12_generated_configurations,d7504c6804915d47532d497fbda20929778aebf0c59b8bb5033cd129a8eebc85,1dbdd0210e96f314773627ae78abaad6efba3005b9b44c65a779b1d2cf81e034
panel008,birdnet,centroid,B_minus_A,secondary_readout_robustness,0.52159253683354623,0.44055186894004911,0.60120708653403399,true,0.5254415042392887,0.47484910709199407,0.57531505823129903,12,107,10000,fixed_12_generated_configurations,d7504c6804915d47532d497fbda20929778aebf0c59b8bb5033cd129a8eebc85,1dbdd0210e96f314773627ae78abaad6efba3005b9b44c65a779b1d2cf81e034
panel009,birdnet,centroid,B_minus_A,secondary_readout_robustness,0.52947819701371102,0.449445929328807,0.60720753357305457,true,0.5254415042392887,0.47484910709199407,0.57531505823129903,12,107,10000,fixed_12_generated_configurations,d7504c6804915d47532d497fbda20929778aebf0c59b8bb5033cd129a8eebc85,1dbdd0210e96f314773627ae78abaad6efba3005b9b44c65a779b1d2cf81e034
panel010,birdnet,centroid,B_minus_A,secondary_readout_robustness,0.49831237919751498,0.42114265012834962,0.57401866179572891,true,0.5254415042392887,0.47484910709199407,0.57531505823129903,12,107,10000,fixed_12_generated_configurations,d7504c6804915d47532d497fbda20929778aebf0c59b8bb5033cd129a8eebc85,1dbdd0210e96f314773627ae78abaad6efba3005b9b44c65a779b1d2cf81e034
panel011,birdnet,centroid,B_minus_A,secondary_readout_robustness,0.49955654691600582,0.41795791479256306,0.57910027074564407,true,0.5254415042392887,0.47484910709199407,0.57531505823129903,12,107,10000,fixed_12_generated_configurations,d7504c6804915d47532d497fbda20929778aebf0c59b8bb5033cd129a8eebc85,1dbdd0210e96f314773627ae78abaad6efba3005b9b44c65a779b1d2cf81e034
panel012,birdnet,centroid,B_minus_A,secondary_readout_robustness,0.5272934270815306,0.45898521405257214,0.5962045703430191,true,0.5254415042392887,0.47484910709199407,0.57531505823129903,12,107,10000,fixed_12_generated_configurations,d7504c6804915d47532d497fbda20929778aebf0c59b8bb5033cd129a8eebc85,1dbdd0210e96f314773627ae78abaad6efba3005b9b44c65a779b1d2cf81e034
panel001,birdnet,centroid,B_minus_C,secondary_readout_robustness,0.4963473747870244,0.41893946991904762,0.5709316401922252,true,0.55928532829978228,0.51330579287509903,0.60512882150628644,12,107,10000,fixed_12_generated_configurations,d7504c6804915d47532d497fbda20929778aebf0c59b8bb5033cd129a8eebc85,1dbdd0210e96f314773627ae78abaad6efba3005b9b44c65a779b1d2cf81e034
panel002,birdnet,centroid,B_minus_C,secondary_readout_robustness,0.5687932448296471,0.49268987109770923,0.64269419266176742,true,0.55928532829978228,0.51330579287509903,0.60512882150628644,12,107,10000,fixed_12_generated_configurations,d7504c6804915d47532d497fbda20929778aebf0c59b8bb5033cd129a8eebc85,1dbdd0210e96f314773627ae78abaad6efba3005b9b44c65a779b1d2cf81e034
panel003,birdnet,centroid,B_minus_C,secondary_readout_robustness,0.61895062538154322,0.54642962226067038,0.68818586404509918,true,0.55928532829978228,0.51330579287509903,0.60512882150628644,12,107,10000,fixed_12_generated_configurations,d7504c6804915d47532d497fbda20929778aebf0c59b8bb5033cd129a8eebc85,1dbdd0210e96f314773627ae78abaad6efba3005b9b44c65a779b1d2cf81e034
panel004,birdnet,centroid,B_minus_C,secondary_readout_robustness,0.55598122197360711,0.48577450924356419,0.62330097989683042,true,0.55928532829978228,0.51330579287509903,0.60512882150628644,12,107,10000,fixed_12_generated_configurations,d7504c6804915d47532d497fbda20929778aebf0c59b8bb5033cd129a8eebc85,1dbdd0210e96f314773627ae78abaad6efba3005b9b44c65a779b1d2cf81e034
panel005,birdnet,centroid,B_minus_C,secondary_readout_robustness,0.57881291132519941,0.50615838884609798,0.64765880862298186,true,0.55928532829978228,0.51330579287509903,0.60512882150628644,12,107,10000,fixed_12_generated_configurations,d7504c6804915d47532d497fbda20929778aebf0c59b8bb5033cd129a8eebc85,1dbdd0210e96f314773627ae78abaad6efba3005b9b44c65a779b1d2cf81e034
panel006,birdnet,centroid,B_minus_C,secondary_readout_robustness,0.56489404366048601,0.49287459784989018,0.63629151954905039,true,0.55928532829978228,0.51330579287509903,0.60512882150628644,12,107,10000,fixed_12_generated_configurations,d7504c6804915d47532d497fbda20929778aebf0c59b8bb5033cd129a8eebc85,1dbdd0210e96f314773627ae78abaad6efba3005b9b44c65a779b1d2cf81e034
panel007,birdnet,centroid,B_minus_C,secondary_readout_robustness,0.59280618675559282,0.51703354264733237,0.66473161089150401,true,0.55928532829978228,0.51330579287509903,0.60512882150628644,12,107,10000,fixed_12_generated_configurations,d7504c6804915d47532d497fbda20929778aebf0c59b8bb5033cd129a8eebc85,1dbdd0210e96f314773627ae78abaad6efba3005b9b44c65a779b1d2cf81e034
panel008,birdnet,centroid,B_minus_C,secondary_readout_robustness,0.56717031252267347,0.49132448473913615,0.64066915944470038,true,0.55928532829978228,0.51330579287509903,0.60512882150628644,12,107,10000,fixed_12_generated_configurations,d7504c6804915d47532d497fbda20929778aebf0c59b8bb5033cd129a8eebc85,1dbdd0210e96f314773627ae78abaad6efba3005b9b44c65a779b1d2cf81e034
panel009,birdnet,centroid,B_minus_C,secondary_readout_robustness,0.52611522279262624,0.44749499482891802,0.59883839187736443,true,0.55928532829978228,0.51330579287509903,0.60512882150628644,12,107,10000,fixed_12_generated_configurations,d7504c6804915d47532d497fbda20929778aebf0c59b8bb5033cd129a8eebc85,1dbdd0210e96f314773627ae78abaad6efba3005b9b44c65a779b1d2cf81e034
panel010,birdnet,centroid,B_minus_C,secondary_readout_robustness,0.5435916535513472,0.46708399944299256,0.61544329857831825,true,0.55928532829978228,0.51330579287509903,0.60512882150628644,12,107,10000,fixed_12_generated_configurations,d7504c6804915d47532d497fbda20929778aebf0c59b8bb5033cd129a8eebc85,1dbdd0210e96f314773627ae78abaad6efba3005b9b44c65a779b1d2cf81e034
panel011,birdnet,centroid,B_minus_C,secondary_readout_robustness,0.55934049464776847,0.48717033495588424,0.630306039115758,true,0.55928532829978228,0.51330579287509903,0.60512882150628644,12,107,10000,fixed_12_generated_configurations,d7504c6804915d47532d497fbda20929778aebf0c59b8bb5033cd129a8eebc85,1dbdd0210e96f314773627ae78abaad6efba3005b9b44c65a779b1d2cf81e034
panel012,birdnet,centroid,B_minus_C,secondary_readout_robustness,0.5386206473698717,0.47239782291837562,0.60484919873444065,true,0.55928532829978228,0.51330579287509903,0.60512882150628644,12,107,10000,fixed_12_generated_configurations,d7504c6804915d47532d497fbda20929778aebf0c59b8bb5033cd129a8eebc85,1dbdd0210e96f314773627ae78abaad6efba3005b9b44c65a779b1d2cf81e034
panel001,perch,centroid,B_minus_A,secondary_readout_robustness,0.44722550058244193,0.3687222576746465,0.52425028818766928,true,0.51465682389076328,0.46721724366788464,0.56276121472018248,12,107,10000,fixed_12_generated_configurations,d7504c6804915d47532d497fbda20929778aebf0c59b8bb5033cd129a8eebc85,1dbdd0210e96f314773627ae78abaad6efba3005b9b44c65a779b1d2cf81e034
panel002,perch,centroid,B_minus_A,secondary_readout_robustness,0.54492325659507534,0.47174869550665061,0.61799583828433835,true,0.51465682389076328,0.46721724366788464,0.56276121472018248,12,107,10000,fixed_12_generated_configurations,d7504c6804915d47532d497fbda20929778aebf0c59b8bb5033cd129a8eebc85,1dbdd0210e96f314773627ae78abaad6efba3005b9b44c65a779b1d2cf81e034
panel003,perch,centroid,B_minus_A,secondary_readout_robustness,0.54272433833030276,0.47042133237776379,0.61432717278296955,true,0.51465682389076328,0.46721724366788464,0.56276121472018248,12,107,10000,fixed_12_generated_configurations,d7504c6804915d47532d497fbda20929778aebf0c59b8bb5033cd129a8eebc85,1dbdd0210e96f314773627ae78abaad6efba3005b9b44c65a779b1d2cf81e034
panel004,perch,centroid,B_minus_A,secondary_readout_robustness,0.48117750758134331,0.4043229663521854,0.55735667200233219,true,0.51465682389076328,0.46721724366788464,0.56276121472018248,12,107,10000,fixed_12_generated_configurations,d7504c6804915d47532d497fbda20929778aebf0c59b8bb5033cd129a8eebc85,1dbdd0210e96f314773627ae78abaad6efba3005b9b44c65a779b1d2cf81e034
panel005,perch,centroid,B_minus_A,secondary_readout_robustness,0.52532080091857269,0.45447358506133773,0.5971100029349139,true,0.51465682389076328,0.46721724366788464,0.56276121472018248,12,107,10000,fixed_12_generated_configurations,d7504c6804915d47532d497fbda20929778aebf0c59b8bb5033cd129a8eebc85,1dbdd0210e96f314773627ae78abaad6efba3005b9b44c65a779b1d2cf81e034
panel006,perch,centroid,B_minus_A,secondary_readout_robustness,0.53971224535944551,0.46829727028400653,0.61049248282656121,true,0.51465682389076328,0.46721724366788464,0.56276121472018248,12,107,10000,fixed_12_generated_configurations,d7504c6804915d47532d497fbda20929778aebf0c59b8bb5033cd129a8eebc85,1dbdd0210e96f314773627ae78abaad6efba3005b9b44c65a779b1d2cf81e034
panel007,perch,centroid,B_minus_A,secondary_readout_robustness,0.53116139861688294,0.4549986403262265,0.60606051639994707,true,0.51465682389076328,0.46721724366788464,0.56276121472018248,12,107,10000,fixed_12_generated_configurations,d7504c6804915d47532d497fbda20929778aebf0c59b8bb5033cd129a8eebc85,1dbdd0210e96f314773627ae78abaad6efba3005b9b44c65a779b1d2cf81e034
panel008,perch,centroid,B_minus_A,secondary_readout_robustness,0.50634702228896467,0.42876234757849258,0.58112840394540732,true,0.51465682389076328,0.46721724366788464,0.56276121472018248,12,107,10000,fixed_12_generated_configurations,d7504c6804915d47532d497fbda20929778aebf0c59b8bb5033cd129a8eebc85,1dbdd0210e96f314773627ae78abaad6efba3005b9b44c65a779b1d2cf81e034
panel009,perch,centroid,B_minus_A,secondary_readout_robustness,0.49629454132967554,0.42347313896145783,0.56817186851961443,true,0.51465682389076328,0.46721724366788464,0.56276121472018248,12,107,10000,fixed_12_generated_configurations,d7504c6804915d47532d497fbda20929778aebf0c59b8bb5033cd129a8eebc85,1dbdd0210e96f314773627ae78abaad6efba3005b9b44c65a779b1d2cf81e034
panel010,perch,centroid,B_minus_A,secondary_readout_robustness,0.54537974359323382,0.47152616290979266,0.61794508375234514,true,0.51465682389076328,0.46721724366788464,0.56276121472018248,12,107,10000,fixed_12_generated_configurations,d7504c6804915d47532d497fbda20929778aebf0c59b8bb5033cd129a8eebc85,1dbdd0210e96f314773627ae78abaad6efba3005b9b44c65a779b1d2cf81e034
panel011,perch,centroid,B_minus_A,secondary_readout_robustness,0.4987664869682838,0.41864473917753975,0.57627987547398896,true,0.51465682389076328,0.46721724366788464,0.56276121472018248,12,107,10000,fixed_12_generated_configurations,d7504c6804915d47532d497fbda20929778aebf0c59b8bb5033cd129a8eebc85,1dbdd0210e96f314773627ae78abaad6efba3005b9b44c65a779b1d2cf81e034
panel012,perch,centroid,B_minus_A,secondary_readout_robustness,0.51684904452493585,0.44471071165272091,0.58948256080159078,true,0.51465682389076328,0.46721724366788464,0.56276121472018248,12,107,10000,fixed_12_generated_configurations,d7504c6804915d47532d497fbda20929778aebf0c59b8bb5033cd129a8eebc85,1dbdd0210e96f314773627ae78abaad6efba3005b9b44c65a779b1d2cf81e034
panel001,perch,centroid,B_minus_C,secondary_readout_robustness,0.46273809564685903,0.38715152803229386,0.5360163424248845,true,0.52730891469601038,0.48142189662804352,0.57337617467407775,12,107,10000,fixed_12_generated_configurations,d7504c6804915d47532d497fbda20929778aebf0c59b8bb5033cd129a8eebc85,1dbdd0210e96f314773627ae78abaad6efba3005b9b44c65a779b1d2cf81e034
panel002,perch,centroid,B_minus_C,secondary_readout_robustness,0.55458857517965832,0.47925367339915725,0.62788168065246797,true,0.52730891469601038,0.48142189662804352,0.57337617467407775,12,107,10000,fixed_12_generated_configurations,d7504c6804915d47532d497fbda20929778aebf0c59b8bb5033cd129a8eebc85,1dbdd0210e96f314773627ae78abaad6efba3005b9b44c65a779b1d2cf81e034
panel003,perch,centroid,B_minus_C,secondary_readout_robustness,0.55341738645958527,0.48291363955031791,0.62403166255989706,true,0.52730891469601038,0.48142189662804352,0.57337617467407775,12,107,10000,fixed_12_generated_configurations,d7504c6804915d47532d497fbda20929778aebf0c59b8bb5033cd129a8eebc85,1dbdd0210e96f314773627ae78abaad6efba3005b9b44c65a779b1d2cf81e034
panel004,perch,centroid,B_minus_C,secondary_readout_robustness,0.51259102696060199,0.44228318029122826,0.58319938382948167,true,0.52730891469601038,0.48142189662804352,0.57337617467407775,12,107,10000,fixed_12_generated_configurations,d7504c6804915d47532d497fbda20929778aebf0c59b8bb5033cd129a8eebc85,1dbdd0210e96f314773627ae78abaad6efba3005b9b44c65a779b1d2cf81e034
panel005,perch,centroid,B_minus_C,secondary_readout_robustness,0.54108951299008645,0.47266334662115467,0.60964683923125951,true,0.52730891469601038,0.48142189662804352,0.57337617467407775,12,107,10000,fixed_12_generated_configurations,d7504c6804915d47532d497fbda20929778aebf0c59b8bb5033cd129a8eebc85,1dbdd0210e96f314773627ae78abaad6efba3005b9b44c65a779b1d2cf81e034
panel006,perch,centroid,B_minus_C,secondary_readout_robustness,0.54086049057900509,0.46962276540409392,0.61103661546208776,true,0.52730891469601038,0.48142189662804352,0.57337617467407775,12,107,10000,fixed_12_generated_configurations,d7504c6804915d47532d497fbda20929778aebf0c59b8bb5033cd129a8eebc85,1dbdd0210e96f314773627ae78abaad6efba3005b9b44c65a779b1d2cf81e034
panel007,perch,centroid,B_minus_C,secondary_readout_robustness,0.55010641907468782,0.47613263984497606,0.62099218632801478,true,0.52730891469601038,0.48142189662804352,0.57337617467407775,12,107,10000,fixed_12_generated_configurations,d7504c6804915d47532d497fbda20929778aebf0c59b8bb5033cd129a8eebc85,1dbdd0210e96f314773627ae78abaad6efba3005b9b44c65a779b1d2cf81e034
panel008,perch,centroid,B_minus_C,secondary_readout_robustness,0.51529137022109106,0.43831616170240123,0.58865311755983141,true,0.52730891469601038,0.48142189662804352,0.57337617467407775,12,107,10000,fixed_12_generated_configurations,d7504c6804915d47532d497fbda20929778aebf0c59b8bb5033cd129a8eebc85,1dbdd0210e96f314773627ae78abaad6efba3005b9b44c65a779b1d2cf81e034
panel009,perch,centroid,B_minus_C,secondary_readout_robustness,0.49421241022923257,0.42015225915978832,0.56531172173134292,true,0.52730891469601038,0.48142189662804352,0.57337617467407775,12,107,10000,fixed_12_generated_configurations,d7504c6804915d47532d497fbda20929778aebf0c59b8bb5033cd129a8eebc85,1dbdd0210e96f314773627ae78abaad6efba3005b9b44c65a779b1d2cf81e034
panel010,perch,centroid,B_minus_C,secondary_readout_robustness,0.55104178021490369,0.47693925964977452,0.62426844706786133,true,0.52730891469601038,0.48142189662804352,0.57337617467407775,12,107,10000,fixed_12_generated_configurations,d7504c6804915d47532d497fbda20929778aebf0c59b8bb5033cd129a8eebc85,1dbdd0210e96f314773627ae78abaad6efba3005b9b44c65a779b1d2cf81e034
panel011,perch,centroid,B_minus_C,secondary_readout_robustness,0.52254438751232601,0.44650703332453445,0.5967941188641287,true,0.52730891469601038,0.48142189662804352,0.57337617467407775,12,107,10000,fixed_12_generated_configurations,d7504c6804915d47532d497fbda20929778aebf0c59b8bb5033cd129a8eebc85,1dbdd0210e96f314773627ae78abaad6efba3005b9b44c65a779b1d2cf81e034
panel012,perch,centroid,B_minus_C,secondary_readout_robustness,0.52922552128408651,0.45861828143980371,0.59905997058562677,true,0.52730891469601038,0.48142189662804352,0.57337617467407775,12,107,10000,fixed_12_generated_configurations,d7504c6804915d47532d497fbda20929778aebf0c59b8bb5033cd129a8eebc85,1dbdd0210e96f314773627ae78abaad6efba3005b9b44c65a779b1d2cf81e034
