panel,pipeline,readout,hyperparameter,macro_f1_D,macro_f1_A,macro_f1_B,macro_f1_C,B_minus_C,B_minus_A
panel001,birdnet,centroid_frozen,,0.7541620404423517,0.16880588914137695,0.6297958759562177,0.1334485011691932,0.49634737478702445,0.4609899868148407
panel001,birdnet,knn,1,0.9953558492663264,0.12298751789641581,0.938146062967708,0.08265071866961027,0.8554953442980977,0.8151585450712922
panel001,birdnet,linear_frozen,10.0,0.9981261565127771,0.32934531032742803,0.9277278637647561,0.22605814236013766,0.7016697214046185,0.5983825534373282
panel001,birdnet,mlp,0.0001,0.9981261565127771,0.2707239630730547,0.9005612829853649,0.19323375691533917,0.7073275260700257,0.6298373199123102
panel002,birdnet,centroid_frozen,,0.7790914279702615,0.17807986383153396,0.6886154747884874,0.11982222995884034,0.5687932448296471,0.5105356109569534
panel002,birdnet,knn,1,0.9934438900990795,0.1315382476881357,0.9269804922085138,0.08960698837155147,0.8373735038369623,0.795442244520378
panel002,birdnet,linear_frozen,1.0,0.9943720814355345,0.34913925424611125,0.9530825247268637,0.2721744752160507,0.6809080495108131,0.6039432704807525
panel002,birdnet,mlp,0.01,0.9933805059235458,0.31329297966511654,0.9320830924656424,0.2400993477495472,0.6919837447160951,0.6187901128005258
panel003,birdnet,centroid_frozen,,0.8255056994097372,0.14787044920169123,0.7329283493865714,0.11397772400502824,0.6189506253815431,0.5850579001848801
panel003,birdnet,knn,1,0.9915535085235037,0.08312636109528058,0.9419376050491419,0.08300075365481459,0.8589368513943273,0.8588112439538613
panel003,birdnet,linear_frozen,10.0,0.9953153912819432,0.2974200897237585,0.9363928806864785,0.21688091854763009,0.7195119621388484,0.6389727909627201
panel003,birdnet,mlp,0.01,0.9952607375135659,0.24893044101812326,0.9302971017478951,0.17088578695809867,0.7594113147897965,0.6813666607297719
panel004,birdnet,centroid_frozen,,0.7657185781455835,0.1702323408844005,0.6747612590249387,0.11878003705133143,0.5559812219736072,0.5045289181405381
panel004,birdnet,knn,1,0.9889028007572032,0.11901231577785583,0.9332851499621532,0.06528066451050456,0.8680044854516487,0.8142728341842973
panel004,birdnet,linear_frozen,100.0,0.9952060837451886,0.3530540024637287,0.9307378647928061,0.25932160419259404,0.6714162606002121,0.5776838623290774
panel004,birdnet,mlp,0.01,0.9914368985084531,0.30406574647591833,0.9383092458320504,0.2350377826491899,0.7032714631828605,0.6342434993561321
panel005,birdnet,centroid_frozen,,0.797599057289255,0.16568129686355076,0.6918825526524335,0.11306964132723418,0.5788129113251993,0.5262012557888827
panel005,birdnet,knn,1,0.9887760324061357,0.11904256099086712,0.9170806693705714,0.06724854361627673,0.8498321257542947,0.7980381083797043
panel005,birdnet,linear_frozen,10.0,0.9962523130255546,0.29594871852212556,0.9516605436847277,0.1986523754767018,0.753008168208026,0.6557118251626022
panel005,birdnet,mlp,0.01,0.9943642737543378,0.27974373885052894,0.9391533333995495,0.17204528780481926,0.7671080455947303,0.6594095945490206
panel006,birdnet,centroid_frozen,,0.7904641266328386,0.12632582820808788,0.6998627728100949,0.13496872914960892,0.564894043660486,0.573536944602007
panel006,birdnet,knn,1,0.9830096886098688,0.07678169607834401,0.9328385529122286,0.06707273036493286,0.8657658225472957,0.8560568568338847
panel006,birdnet,linear_frozen,10.0,0.9933868940263431,0.24823273431610235,0.9300801286478154,0.20564434502871187,0.7244357836191035,0.681847394331713
panel006,birdnet,mlp,0.01,0.9886951164373694,0.22750672127174407,0.9063181442325188,0.19114554875656503,0.7151725954759538,0.6788114229607747
panel007,birdnet,centroid_frozen,,0.8485961062212545,0.14343977379008643,0.711654121131139,0.11884793437554603,0.5928061867555929,0.5682143473410526
panel007,birdnet,knn,1,0.9944189275227151,0.11427094430200527,0.9350687809875913,0.0656285593354122,0.869440221652179,0.820797836685586
panel007,birdnet,linear_frozen,10.0,0.9981261565127771,0.317304086488458,0.9502361921286621,0.25419349495408106,0.696042697174581,0.6329321056402041
panel007,birdnet,mlp,0.01,0.9971892347691659,0.2643243704024061,0.9479005159330621,0.2150927861795111,0.732807729753551,0.683576145530656
panel008,birdnet,centroid_frozen,,0.7907981200596149,0.153153809297324,0.6747463461308701,0.10757603360819676,0.5671703125226734,0.5215925368335461
panel008,birdnet,knn,1,0.99245465689145,0.11149303314917593,0.9236020784135005,0.07824050158586972,0.8453615768276308,0.8121090452643246
panel008,birdnet,linear_frozen,1.0,0.9981261565127774,0.34293172363945235,0.9395634813298004,0.23894943256592666,0.7006140487638737,0.596631757690348
panel008,birdnet,mlp,0.01,0.9952607375135659,0.30529740712902376,0.9180013220068703,0.22766249223088791,0.6903388297759825,0.6127039148778466
panel009,birdnet,centroid_frozen,,0.7369396261508916,0.14723195622017554,0.6767101532338867,0.1505949304412604,0.5261152227926263,0.5294781970137112
panel009,birdnet,knn,1,0.9868922271817971,0.1182453698649356,0.9191987655297643,0.09828376220654594,0.8209150033232184,0.8009533956648287
panel009,birdnet,linear_frozen,1.0,0.995301195497949,0.29070198079939585,0.9461780776375939,0.24823534311372006,0.6979427345238738,0.6554760968381981
panel009,birdnet,mlp,0.01,0.9934678099951095,0.21727412338273525,0.9260545181184869,0.20499210696663,0.7210624111518569,0.7087803947357517
panel010,birdnet,centroid_frozen,,0.7548944755860911,0.15010235661120755,0.6484147358087224,0.10482308225737536,0.5435916535513471,0.4983123791975149
panel010,birdnet,knn,1,0.9935029908510951,0.13364432426169517,0.962813576722192,0.0675044537189058,0.8953091230032862,0.8291692524604969
panel010,birdnet,linear_frozen,100.0,0.9962381172415603,0.32739476714154486,0.9407818119370974,0.20628822622833298,0.7344935857087644,0.6133870447955525
panel010,birdnet,mlp,0.001,0.9943642737543378,0.27941682155538405,0.919272954430546,0.17864894085791777,0.7406240135726283,0.639856132875162
panel011,birdnet,centroid_frozen,,0.7859576350644131,0.18488397890161254,0.6844405258176184,0.1251000311698499,0.5593404946477685,0.4995565469160058
panel011,birdnet,knn,1,0.9924546568914497,0.13376272690598678,0.9186330314390594,0.09331171936556718,0.8253213120734922,0.7848703045330726
panel011,birdnet,linear_frozen,1.0,0.9990630782563886,0.35097856610967226,0.9269033243726381,0.24340052343678625,0.6835028009358519,0.5759247582629659
panel011,birdnet,mlp,0.01,0.9971892347691659,0.29856277633959855,0.9201730552659534,0.22912920791512315,0.6910438473508302,0.6216102789263549
panel012,birdnet,centroid_frozen,,0.800776942204328,0.16461456817628312,0.6919079952578139,0.15328734788794202,0.5386206473698718,0.5272934270815308
panel012,birdnet,knn,1,0.9877535100850399,0.10727359915528825,0.9247424295887442,0.07038695039344521,0.854355479195299,0.817468830433456
panel012,birdnet,linear_frozen,1.0,0.9943666160586967,0.296174710722524,0.9516162258602531,0.24981350403886152,0.7018027218213916,0.6554415151377291
panel012,birdnet,mlp,0.01,0.9943720814355345,0.25530871353694595,0.943543289293494,0.22806490803003251,0.7154783812634614,0.688234575756548
panel001,perch,centroid_frozen,,0.5882260469889351,0.06334791488454578,0.5105734154669878,0.047835319820128674,0.4627380956468591,0.447225500582442
panel001,perch,knn,1,0.9868158513224641,0.0924099629537044,0.8974217875193813,0.06328464116468899,0.8341371463546923,0.8050118245656769
panel001,perch,linear_frozen,1.0,0.9990630782563886,0.2230767135006257,0.9373245682571474,0.1493841549196783,0.7879404133374691,0.7142478547565216
panel001,perch,mlp,0.01,0.9981261565127771,0.1884866320321331,0.9439075828459188,0.14036270787974797,0.8035448749661709,0.7554209508137857
panel002,perch,centroid_frozen,,0.6879303618845636,0.05987180851966241,0.6047950651147378,0.05020648993507946,0.5545885751796583,0.5449232565950753
panel002,perch,knn,1,0.9791366612132165,0.08445519777997193,0.8942111217690968,0.06391926679213196,0.8302918549769648,0.8097559239891249
panel002,perch,linear_frozen,1.0,0.9913258613824281,0.2309286773532461,0.9485947620723812,0.19270169244549998,0.7558930696268813,0.7176660847191352
panel002,perch,mlp,0.01,0.9874210448238978,0.1869940054934386,0.9502381394199012,0.18337237371489157,0.7668657657050096,0.7632441339264626
panel003,perch,centroid_frozen,,0.7347904463586817,0.06137868619639981,0.6041030245267026,0.05068563806711732,0.5534173864595853,0.5427243383303028
panel003,perch,knn,1,0.9867761303570454,0.05602341978307033,0.910467834472015,0.038467177817891045,0.872000656654124,0.8544444146889446
panel003,perch,linear_frozen,10.0,0.9953153912819432,0.20291013864761503,0.948803350897586,0.13565606143341072,0.8131472894641754,0.7458932122499711
panel003,perch,mlp,0.01,0.9962523130255545,0.15332524433292583,0.9485646678830627,0.11968430574031194,0.8288803621427507,0.7952394235501369
panel004,perch,centroid_frozen,,0.6193674414867034,0.08174279456501311,0.5629203021463564,0.05032927518575453,0.5125910269606018,0.48117750758134326
panel004,perch,knn,1,0.9789698276706125,0.07063594839233268,0.9130954444968545,0.0473569594424749,0.8657384850543797,0.8424594961045219
panel004,perch,linear_frozen,1.0,0.9904424675018069,0.2233778713643032,0.9382709624771864,0.15873017149274715,0.7795407909844393,0.7148930911128832
panel004,perch,mlp,0.01,0.9901026993993054,0.1991664860304708,0.9392121048552715,0.1379556495536913,0.8012564553015802,0.7400456188248007
panel005,perch,centroid_frozen,,0.6917118215436777,0.062314329061529665,0.5876351299801025,0.04654561699001604,0.5410895129900865,0.5253208009185728
panel005,perch,knn,1,0.9762860931461377,0.06954872679796306,0.8857832209694325,0.05177689723861777,0.8340063237308147,0.8162344941714694
panel005,perch,linear_frozen,10.0,0.995301195497949,0.2166212841500172,0.944063235656298,0.14659263007665238,0.7974706055796457,0.7274419515062809
panel005,perch,mlp,0.001,0.9943238157699544,0.17107135318784894,0.9311294305953401,0.1125302603437137,0.8185991702516264,0.7600580774074912
panel006,perch,centroid_frozen,,0.6672799362226662,0.05597704631279168,0.5956892916722372,0.0548288010932321,0.5408604905790051,0.5397122453594455
panel006,perch,knn,1,0.9793881228257498,0.064866166238016,0.8997955721645279,0.053623030880043415,0.8461725412844845,0.8349294059265119
panel006,perch,linear_frozen,10.0,0.9904072073164403,0.1827167602037103,0.9438391222544447,0.15940781125923,0.7844313109952147,0.7611223620507344
panel006,perch,mlp,0.01,0.9913495944368894,0.14300930203907894,0.9387021062202185,0.11625249343087468,0.8224496127893439,0.7956928041811396
panel007,perch,centroid_frozen,,0.7176190707122153,0.06962625247204239,0.6007876510889253,0.05068123201423742,0.5501064190746878,0.5311613986168829
panel007,perch,knn,1,0.9849794409558306,0.09586099411552958,0.9185103216429407,0.0545238000302284,0.8639865216127123,0.822649327527411
panel007,perch,linear_frozen,10.0,0.9952607375135657,0.22203903357139965,0.9614213134074048,0.1753220679602048,0.7860992454472,0.7393822798360051
panel007,perch,mlp,0.01,0.9961430054888,0.18228900601741824,0.9530546327987063,0.14146507916283774,0.8115895536358686,0.770765626781288
panel008,perch,centroid_frozen,,0.6172505537300224,0.057312583398452056,0.5636596056874168,0.048368235466325696,0.5152913702210911,0.5063470222889648
panel008,perch,knn,1,0.9850614216083965,0.05091067655448598,0.9082790647241592,0.05980621449666181,0.8484728502274974,0.8573683881696732
panel008,perch,linear_frozen,10.0,1.0,0.19376056490404261,0.9356843780744559,0.16114362169541724,0.7745407563790387,0.7419238131704133
panel008,perch,mlp,0.01,0.9981261565127771,0.14137982751616113,0.9414173573681259,0.11671509151091432,0.8247022658572116,0.8000375298519649
panel009,perch,centroid_frozen,,0.6306674996677395,0.07386619032830181,0.5701607316579774,0.07594832142874482,0.4942124102292326,0.4962945413296756
panel009,perch,knn,1,0.9775426955948353,0.07786734160702605,0.9098946843770048,0.06057713373651984,0.849317550640485,0.8320273427699788
panel009,perch,linear_frozen,10.0,0.9952607375135659,0.21685322770332574,0.9430199274377683,0.16317500679365626,0.779844920644112,0.7261666997344426
panel009,perch,mlp,0.01,0.9961976592571773,0.17094815174040423,0.9477994098129195,0.13796653395112538,0.8098328758617942,0.7768512580725153
panel010,perch,centroid_frozen,,0.6487241074081971,0.05655194757060687,0.6019316911638407,0.05088991094893702,0.5510417802149037,0.5453797435932338
panel010,perch,knn,1,0.9860035711037658,0.07190744741122933,0.9276235285198013,0.05737510758086572,0.8702484209389356,0.855716081108572
panel010,perch,linear_frozen,10.0,0.9981261565127771,0.20059812090448306,0.9599349493391282,0.1524635027637242,0.8074714465754039,0.7593368284346451
panel010,perch,mlp,0.01,0.9971892347691659,0.16464312928306932,0.9599170873396157,0.1267174923967596,0.8331995949428561,0.7952739580565463
panel011,perch,centroid_frozen,,0.7008676515471597,0.08489446274762584,0.5836609497159095,0.06111656220358364,0.5225443875123259,0.4987664869682837
panel011,perch,knn,1,0.982162287622199,0.08058675029724748,0.8863548300834252,0.0652894340019712,0.821065396081454,0.8057680797861777
panel011,perch,linear_frozen,1.0,0.9981261565127771,0.24331504958179984,0.9384466984073476,0.2010876262508541,0.7373590721564935,0.6951316488255478
panel011,perch,mlp,0.01,0.9971345810007886,0.19524695514655904,0.9275127750127217,0.15712061762375712,0.7703921573889645,0.7322658198661627
panel012,perch,centroid_frozen,,0.6944983702256081,0.09350912279142697,0.6103581673163629,0.08113264603227627,0.5292255212840866,0.516849044524936
panel012,perch,knn,1,0.9803134287148061,0.06718091694570799,0.904726148278003,0.0573587934730242,0.8473673548049788,0.8375452313322951
panel012,perch,linear_frozen,10.0,0.9953177335863022,0.1950081628467159,0.9660333456805795,0.19000614515980446,0.7760272005207751,0.7710251828338637
panel012,perch,mlp,0.01,0.988560728653545,0.17972605555041962,0.9561491982396798,0.15714755129957544,0.7990016469401043,0.7764231426892602
