panel,pipeline,m_exposed,added_clips,selected_c,val_macro_f1,macro_f1_D,macro_f1_A,macro_f1_B,macro_f1_C,B_minus_C,B_minus_A
panel001,birdnet,1,107,100.0,0.9875630959825052,0.9971892347691659,0.6465838285320762,0.9103687386577547,0.525092704024214,0.38527603463354065,0.2637849101256785
panel001,birdnet,2,212,10.0,0.9887587084236593,0.9971892347691659,0.8351096291568949,0.9217288453502621,0.6723220925589022,0.24940675279135993,0.08661921619336721
panel001,birdnet,5,527,10.0,0.9882934885818605,0.9981261565127774,0.9397574144557108,0.9280353857311989,0.800496544426936,0.12753884130426296,-0.01172202872451189
panel001,birdnet,10,1040,1.0,0.9919379576444853,0.9971892347691659,0.962662574878971,0.9181076791813259,0.8558733199520678,0.06223435922925802,-0.04455489569764515
panel001,birdnet,20,2016,1.0,0.9914594499320728,0.9990630782563886,0.9838750173115498,0.9193341734918505,0.8860588665880947,0.0332753069037558,-0.06454084381969927
panel001,birdnet,0,0,10.0,,0.9981261565127771,0.32934531032742803,0.9277278637647561,0.22605814236013766,0.7016697214046185,0.5983825534373282
panel002,birdnet,1,107,100.0,0.9889096667759194,0.9943720814355345,0.7028738505078809,0.944554647407574,0.5811801397984915,0.3633745076090825,0.24168079689969313
panel002,birdnet,2,214,10.0,0.988430510438089,0.9943642737543378,0.8119230490156738,0.9500814580831262,0.6465182626179292,0.30356319546519694,0.13815840906745236
panel002,birdnet,5,531,100.0,0.99074160652348,0.9934351596919231,0.9363160119590147,0.9429987475421635,0.8314682012354874,0.11153054630667614,0.006682735583148802
panel002,birdnet,10,1032,10.0,0.9922023095025544,0.995301195497949,0.9684450045679655,0.9470371481468921,0.8859565870982925,0.0610805610485996,-0.021407856421073346
panel002,birdnet,20,1982,100.0,0.9921130735838849,0.9934351596919231,0.9828375476649542,0.9356433758102122,0.8964523203635711,0.03919105544664103,-0.04719417185474206
panel002,birdnet,0,0,1.0,,0.9943720814355345,0.34913925424611125,0.9530825247268637,0.2721744752160507,0.6809080495108131,0.6039432704807525
panel003,birdnet,1,107,10.0,0.9880540570723486,0.9953153912819432,0.6877277920529474,0.931856673995086,0.4827276092759393,0.4491290647191467,0.24412888194213855
panel003,birdnet,2,211,10.0,0.9881437090774977,0.9953177335863022,0.8364506348423003,0.9327609380928639,0.6832974902944683,0.24946344779839558,0.09631030325056356
panel003,birdnet,5,522,10.0,0.9897422459880388,0.9953177335863022,0.9270426617019472,0.9254834470206661,0.8028085439309589,0.12267490308970719,-0.0015592146812810626
panel003,birdnet,10,1015,10.0,0.990262703494942,0.9953177335863022,0.9658113898326224,0.9269264500462521,0.8440690319656936,0.08285741808055846,-0.03888493978637031
panel003,birdnet,20,1917,10.0,0.991295284060383,0.9953177335863022,0.9821241719421748,0.9217488443810398,0.8767119127964099,0.04503693158462985,-0.06037532756113506
panel003,birdnet,0,0,10.0,,0.9953153912819432,0.2974200897237585,0.9363928806864785,0.21688091854763009,0.7195119621388484,0.6389727909627201
panel004,birdnet,1,107,10.0,0.9885529878299325,0.9961976592571773,0.6795815394851618,0.9372199217218358,0.5253402597116186,0.4118796620102172,0.257638382236674
panel004,birdnet,2,214,1.0,0.9896124598810662,0.9952060837451886,0.8023955032066497,0.9445129240106426,0.6624177771237445,0.2820951468868981,0.14211742080399292
panel004,birdnet,5,533,10.0,0.9897503703385967,0.9961976592571773,0.9294319742020278,0.9366373349365928,0.7920287906097039,0.14460854432688897,0.007205360734565014
panel004,birdnet,10,1038,10.0,0.9908937590631233,0.9952060837451886,0.9694885676005385,0.9312437004204113,0.8689826259288257,0.06226107449158558,-0.03824486718012721
panel004,birdnet,20,1991,10.0,0.9913669317390592,0.9942691620015771,0.9811270353861085,0.9328486211596164,0.9041353811221957,0.028713240037420706,-0.04827841422649204
panel004,birdnet,0,0,100.0,,0.9952060837451886,0.3530540024637287,0.9307378647928061,0.25932160419259404,0.6714162606002121,0.5776838623290774
panel005,birdnet,1,107,10.0,0.989373445953085,0.9953153912819432,0.6662877904122811,0.9513903447963327,0.4419250845593145,0.5094652602370182,0.2851025543840515
panel005,birdnet,2,213,10.0,0.9880816112443869,0.9962523130255546,0.8267164519545469,0.9503558869432442,0.607233565399224,0.3431223215440202,0.12363943498869734
panel005,birdnet,5,530,100.0,0.9913811812336799,0.9934415477947205,0.9508043884429118,0.9260686854822868,0.7665761955375467,0.15949248994474008,-0.024735702960624995
panel005,birdnet,10,1029,10.0,0.9914431011025406,0.9962523130255546,0.9672231375870689,0.9432038992553293,0.8189760668111841,0.12422783244414526,-0.02401923833173958
panel005,birdnet,20,1979,10.0,0.99086169137182,0.9943642737543378,0.9798200980820119,0.9416587720049904,0.8583151676160509,0.08334360438893951,-0.038161326077021496
panel005,birdnet,0,0,10.0,,0.9962523130255546,0.29594871852212556,0.9516605436847277,0.1986523754767018,0.753008168208026,0.6557118251626022
panel006,birdnet,1,107,10.0,0.9878991019717421,0.9915605354365808,0.6469536220872883,0.9358100419048108,0.5276016550633748,0.408208386841436,0.2888564198175224
panel006,birdnet,2,214,10.0,0.9876850436011864,0.9933915786350612,0.7817240802792184,0.9288142206901021,0.6485604165769998,0.2802538041131023,0.14709014041088375
panel006,birdnet,5,535,10.0,0.9895440350534528,0.9906212713886103,0.9281795266616686,0.9346540655992878,0.8123190681020016,0.12233499749728616,0.006474538937619179
panel006,birdnet,10,1051,10.0,0.991154695492819,0.99245465689145,0.9515598688002741,0.9355403028573214,0.8717428560674293,0.06379744678989208,-0.01601956594295273
panel006,birdnet,20,2006,10.0,0.9912703194003768,0.99438315414705,0.9818890107929149,0.9319182868061828,0.9059526348210629,0.02596565198511991,-0.04997072398673208
panel006,birdnet,0,0,10.0,,0.9933868940263431,0.24823273431610235,0.9300801286478154,0.20564434502871187,0.7244357836191035,0.681847394331713
panel007,birdnet,1,107,1.0,0.9883856900212926,0.9981261565127771,0.6667251842773825,0.9513644034269862,0.5515538308474999,0.3998105725794864,0.2846392191496038
panel007,birdnet,2,212,10.0,0.9883405928888527,0.9981261565127771,0.8098984750441848,0.9566081316332605,0.6745925675128602,0.2820155641204003,0.14670965658907575
panel007,birdnet,5,517,10.0,0.990034787226015,0.9981261565127771,0.9099501981400149,0.952806288105941,0.8219185714238864,0.13088771668205468,0.04285608996592616
panel007,birdnet,10,1001,1.0,0.9914791921182667,0.9981261565127771,0.9503473865368335,0.9535603379196875,0.8817138542367408,0.07184648368294677,0.0032129513828540457
panel007,birdnet,20,1893,10.0,0.9914566524734797,0.9981261565127771,0.9727393581346832,0.9559500853168131,0.9074736443760337,0.04847644094077941,-0.016789272817870016
panel007,birdnet,0,0,10.0,,0.9981261565127771,0.317304086488458,0.9502361921286621,0.25419349495408106,0.696042697174581,0.6329321056402041
panel008,birdnet,1,107,10.0,0.9896086262706092,0.9981261565127771,0.6690915069860316,0.9372400976823153,0.5185232807620243,0.41871681692029106,0.2681485906962837
panel008,birdnet,2,213,100.0,0.9889439208211179,0.9962546553299136,0.8531381929295314,0.9160119476180051,0.6841789528067579,0.2318329948112472,0.06287375468847367
panel008,birdnet,5,523,10.0,0.9906159370612819,0.9981261565127771,0.9364188414863402,0.9422616131852353,0.7952146404662435,0.1470469727189918,0.005842771698895022
panel008,birdnet,10,1017,100.0,0.9915241384677083,0.9971892347691659,0.9623538347605308,0.9189450467384694,0.8609422727286731,0.058002774009796365,-0.043408788022061384
panel008,birdnet,20,1925,10.0,0.9928563046604018,0.9981261565127771,0.9734052386825115,0.9373095255809247,0.8885342978462201,0.04877522773470466,-0.03609571310158677
panel008,birdnet,0,0,1.0,,0.9981261565127774,0.34293172363945235,0.9395634813298004,0.23894943256592666,0.7006140487638737,0.596631757690348
panel009,birdnet,1,107,10.0,0.9882022289603603,0.9943642737543378,0.6875602864810685,0.9431166487511767,0.5263294469039421,0.4167872018472346,0.25555636227010825
panel009,birdnet,2,213,10.0,0.9892312555730216,0.9953011954979492,0.8406138225962054,0.9403916326815766,0.6539500339284305,0.286441598753146,0.09977781008537112
panel009,birdnet,5,526,1.0,0.9902886224694205,0.9952607375135659,0.9325547984628086,0.9346017837249473,0.7872511628781828,0.14735062084676454,0.0020469852621386453
panel009,birdnet,10,1024,10.0,0.9908521898905773,0.9943642737543378,0.9622310109736878,0.9349512671996085,0.8556099792355368,0.0793412879640717,-0.027279743774079268
panel009,birdnet,20,1974,10.0,0.9926860661376222,0.9953011954979492,0.9754751805877541,0.9379345801236272,0.8948314939584842,0.04310308616514302,-0.03754060046412688
panel009,birdnet,0,0,1.0,,0.995301195497949,0.29070198079939585,0.9461780776375939,0.24823534311372006,0.6979427345238738,0.6554760968381981
panel010,birdnet,1,107,10.0,0.9881672131685857,0.9952607375135659,0.7085291608788109,0.9413835557508434,0.48769744145715804,0.4536861142936854,0.23285439487203252
panel010,birdnet,2,213,100.0,0.9887595088340561,0.9962381172415603,0.8331008474560894,0.9393951907738496,0.6236120823742868,0.3157831083995628,0.10629434331776022
panel010,birdnet,5,526,10.0,0.9892438132717689,0.9971892347691659,0.9549979565269481,0.9404328369577588,0.7933495744269196,0.14708326253083925,-0.014565119569189267
panel010,birdnet,10,1024,10.0,0.9920009742654082,0.9962523130255545,0.9708540353746119,0.9405391752515868,0.8405668560598785,0.09997231919170835,-0.03031486012302509
panel010,birdnet,20,1990,10.0,0.9916875921975361,0.9962381172415603,0.9876988563166624,0.9372173792053954,0.8773630164520468,0.059854362753348545,-0.05048147711126705
panel010,birdnet,0,0,100.0,,0.9962381172415603,0.32739476714154486,0.9407818119370974,0.20628822622833298,0.7344935857087644,0.6133870447955525
panel011,birdnet,1,107,10.0,0.9890054177834188,0.9990630782563886,0.7141909223936446,0.9290454638788508,0.5265648669205685,0.4024805969582823,0.21485454148520622
panel011,birdnet,2,213,10.0,0.9891116415931902,0.9990630782563886,0.8461867226113997,0.9257287815196311,0.6670586759408329,0.2586701055787982,0.0795420589082314
panel011,birdnet,5,529,10.0,0.990511340230903,0.9990630782563886,0.9484468810108705,0.9284734669794229,0.8137518390335133,0.11472162794590957,-0.01997341403144759
panel011,birdnet,10,1041,10.0,0.991374555761144,0.9990630782563886,0.9762737595149852,0.9271450480046544,0.8733034242339821,0.05384162377067225,-0.049128711510330825
panel011,birdnet,20,2014,10.0,0.9917302223063116,0.9990630782563886,0.9859814585589303,0.9296161443912175,0.9140708893002925,0.01554525509092508,-0.05636531416771273
panel011,birdnet,0,0,1.0,,0.9990630782563886,0.35097856610967226,0.9269033243726381,0.24340052343678625,0.6835028009358519,0.5759247582629659
panel012,birdnet,1,107,1.0,0.9875656115044625,0.9943642737543376,0.6551308175822601,0.9550637266442843,0.516845756053613,0.43821797059067125,0.2999329090620242
panel012,birdnet,2,213,100.0,0.9881200914654622,0.9924904302671149,0.8426024861034384,0.9409298877326423,0.6770167176268267,0.2639131701058156,0.09832740162920395
panel012,birdnet,5,524,10.0,0.9898112983199885,0.9934273520107263,0.9399505211883576,0.9480033655924929,0.8126530314566716,0.13535033413582132,0.008052844404135229
panel012,birdnet,10,1008,10.0,0.9902157084289618,0.9953011954979492,0.9569092436007647,0.9452680570558475,0.8651260842415341,0.08014197281431334,-0.011641186544917193
panel012,birdnet,20,1907,10.0,0.9922144609246464,0.9934273520107263,0.964665784485687,0.94142048849076,0.8910612576113902,0.050359230879369776,-0.023245295994926973
panel012,birdnet,0,0,1.0,,0.9943666160586967,0.296174710722524,0.9516162258602531,0.24981350403886152,0.7018027218213916,0.6554415151377291
panel001,perch,1,107,10.0,0.9833688168809802,0.9990630782563886,0.5273579251193447,0.9347542547955052,0.42263244682518186,0.5121218079703234,0.4073963296761606
panel001,perch,2,212,1.0,0.981156564990626,1.0,0.7001978819459951,0.9345980300320641,0.5614009765223386,0.37319705350972554,0.23440014808606902
panel001,perch,5,527,10.0,0.984711772685813,0.9990630782563887,0.8904719701140146,0.9346901915724777,0.76733676195301,0.16735342961946764,0.0442182214584631
panel001,perch,10,1040,10.0,0.9869675490148442,1.0,0.9427317457690975,0.9351346059787216,0.8386931557458553,0.09644145023286621,-0.007597139790375906
panel001,perch,20,2016,1.0,0.9867525003888847,0.9981261565127771,0.9773438919904589,0.9279255498357704,0.880793842265058,0.04713170757071239,-0.049418342154688544
panel001,perch,0,0,1.0,,0.9990630782563886,0.2230767135006257,0.9373245682571474,0.1493841549196783,0.7879404133374691,0.7142478547565216
panel002,perch,1,107,10.0,0.9855691136242977,0.9923932977027505,0.49817105282542107,0.9473114766117182,0.4282025595472494,0.5191089170644688,0.44914042378629715
panel002,perch,2,214,1.0,0.9837969797419335,0.9903889396388167,0.6978694953197361,0.9378591262199877,0.593694234958416,0.3441648912615717,0.2399896309002516
panel002,perch,5,531,10.0,0.9849581967549748,0.9922627831260393,0.8840427372165081,0.9498221123860149,0.7785018776409094,0.1713202347451055,0.06577937516950683
panel002,perch,10,1032,10.0,0.9863215654969064,0.9912702316539012,0.955040620555155,0.9411715819382792,0.8627238389461894,0.07844774299208979,-0.013869038616875828
panel002,perch,20,1982,1.0,0.9864026042139938,0.9912678893495421,0.9857840416547579,0.9446875070245013,0.9045338389085047,0.04015366811599663,-0.04109653463025653
panel002,perch,0,0,1.0,,0.9913258613824281,0.2309286773532461,0.9485947620723812,0.19270169244549998,0.7558930696268813,0.7176660847191352
panel003,perch,1,107,1.0,0.9838465730458983,0.9934273520107264,0.4942993307219654,0.9387748722575738,0.3281653360585196,0.6106095361990542,0.4444755415356084
panel003,perch,2,211,10.0,0.9821777911185521,0.9943238157699544,0.7293830623946121,0.945227940723635,0.5203763836781237,0.42485155704551136,0.21584487832902288
panel003,perch,5,522,1.0,0.9833901048629009,0.9952607375135659,0.8708679400119913,0.936276315793628,0.7078488874671539,0.2284274283264741,0.06540837578163672
panel003,perch,10,1015,1.0,0.9846526223604425,0.9915535085235037,0.9349516106538032,0.942955768066442,0.7861559227606745,0.15679984530576752,0.008004157412638824
panel003,perch,20,1917,10.0,0.9861001126379808,0.9943238157699544,0.9708145518248134,0.9369035287350478,0.845306960722741,0.09159656801230676,-0.03391102308976557
panel003,perch,0,0,10.0,,0.9953153912819432,0.20291013864761503,0.948803350897586,0.13565606143341072,0.8131472894641754,0.7458932122499711
panel004,perch,1,107,10.0,0.9858842096410028,0.9895811845985641,0.5586401322039768,0.9395187179781276,0.40958028966358,0.5299384283145476,0.3808785857741508
panel004,perch,2,214,10.0,0.9842768295140605,0.9924494590924332,0.7100170390762235,0.9383073358130064,0.5872379002017156,0.3510694356112908,0.22829029673678292
panel004,perch,5,533,10.0,0.9848068144847915,0.9905590775168573,0.8910032437469085,0.9329354717985785,0.7338584820360161,0.19907698976256238,0.04193222805166996
panel004,perch,10,1038,1.0,0.9858274657851723,0.992251809939314,0.9565652774377298,0.9321185103811663,0.8270642841923395,0.10505422618882687,-0.024446767056563456
panel004,perch,20,1991,10.0,0.9868456269428348,0.9894268489244857,0.978927334620891,0.9271301111986077,0.8778345261199332,0.049295585078674486,-0.05179722342228332
panel004,perch,0,0,1.0,,0.9904424675018069,0.2233778713643032,0.9382709624771864,0.15873017149274715,0.7795407909844393,0.7148930911128832
panel005,perch,1,107,10.0,0.9853084263301554,0.9934678099951095,0.5289487465171905,0.938214357423871,0.346310182172304,0.591904175251567,0.40926561090668057
panel005,perch,2,213,10.0,0.9849195734606605,0.9953153912819432,0.7127962015595254,0.9358996930913253,0.4746089120132582,0.46129078107806704,0.22310349153179987
panel005,perch,5,530,10.0,0.9843557803630864,0.9953011954979492,0.9184515645185061,0.9377877163877469,0.6974763869912146,0.24031132939653232,0.01933615186924087
panel005,perch,10,1029,10.0,0.9867102699770103,0.9934273520107263,0.9339485371351209,0.9298277180896994,0.7781796137376488,0.15164810435205067,-0.004120819045421498
panel005,perch,20,1979,10.0,0.9879069581726387,0.9953153912819432,0.9778663323309023,0.9334800958652548,0.8223127724403069,0.11116732342494795,-0.04438623646564743
panel005,perch,0,0,10.0,,0.995301195497949,0.2166212841500172,0.944063235656298,0.14659263007665238,0.7974706055796457,0.7274419515062809
panel006,perch,1,107,10.0,0.9828414580938023,0.9894780932540256,0.4817827827301069,0.9330334304232378,0.41712909253730757,0.5159043378859303,0.45125064769313095
panel006,perch,2,214,10.0,0.9809003641727305,0.9894734086453076,0.6632511738906924,0.9381348021473924,0.5617619233471787,0.37637287880021375,0.2748836282567
panel006,perch,5,535,10.0,0.9836541999057651,0.9915558508278626,0.8776302999712192,0.926276671940797,0.7684287547276175,0.15784791721317948,0.04864637196957777
panel006,perch,10,1051,10.0,0.9841260338535758,0.9894132895000927,0.9330110759747584,0.9249093707622296,0.867974542449804,0.05693482831242558,-0.008101705212528842
panel006,perch,20,2006,10.0,0.9846525360447552,0.9915011970594853,0.9830648555685447,0.9312475180997503,0.905604792681392,0.025642725418358214,-0.05181733746879447
panel006,perch,0,0,10.0,,0.9904072073164403,0.1827167602037103,0.9438391222544447,0.15940781125923,0.7844313109952147,0.7611223620507344
panel007,perch,1,107,10.0,0.9847074996482359,0.9952607375135657,0.5175611923892846,0.959166375748399,0.4191344657497292,0.5400319099986699,0.4416051833591145
panel007,perch,2,212,1.0,0.9832961083390315,0.9952607375135659,0.6726519587030146,0.9525634178611964,0.5511897395160954,0.40137367834510096,0.2799114591581817
panel007,perch,5,517,10.0,0.9849231878890224,0.9952607375135657,0.8838674429265985,0.9422684791122199,0.7651088662387983,0.17715961287342163,0.058401036185621424
panel007,perch,10,1001,10.0,0.9868929281473342,0.9952607375135659,0.9531955256181357,0.9431908282142211,0.8505044086936784,0.09268641952054268,-0.01000469740391463
panel007,perch,20,1893,1.0,0.9882149556759892,0.9952607375135657,0.9617828500729936,0.947285509959006,0.8910526067389132,0.05623290322009278,-0.014497340113987622
panel007,perch,0,0,10.0,,0.9952607375135657,0.22203903357139965,0.9614213134074048,0.1753220679602048,0.7860992454472,0.7393822798360051
panel008,perch,1,107,10.0,0.9857961731838856,0.9990630782563886,0.520557364230644,0.9335579053578152,0.4257144345344557,0.5078434708233596,0.4130005411271712
panel008,perch,2,213,10.0,0.9847839813434753,0.9981261565127771,0.7241005754302281,0.9331151344097578,0.5919993340896149,0.3411158003201429,0.2090145589795297
panel008,perch,5,523,10.0,0.9856347434996735,0.9990630782563886,0.9065114452716463,0.9305338742313615,0.7709967832175196,0.15953709101384184,0.02402242895971518
panel008,perch,10,1017,10.0,0.9865648000147361,0.9990630782563886,0.9402066919862174,0.9262595689116283,0.8550759172405887,0.07118365167103957,-0.013947123074589118
panel008,perch,20,1925,10.0,0.9872340969678322,0.9981261565127774,0.9691351409270451,0.9253634683974612,0.9050350671563574,0.0203284012411038,-0.043771672529583916
panel008,perch,0,0,10.0,,1.0,0.19376056490404261,0.9356843780744559,0.16114362169541724,0.7745407563790387,0.7419238131704133
panel009,perch,1,107,10.0,0.9847632305675283,0.9943261580743135,0.5536379046200293,0.940360330962329,0.4003255751998552,0.5400347557624738,0.3867224263422997
panel009,perch,2,213,10.0,0.9817061145970257,0.9952607375135657,0.7413042021668085,0.9430666331282821,0.572309413417264,0.37075721971101805,0.20176243096147362
panel009,perch,5,526,1.0,0.9830424934012021,0.9943238157699544,0.8915306662151561,0.9362897731657506,0.7135169319707733,0.2227728411949773,0.044759106950594485
panel009,perch,10,1024,1.0,0.9844644077389233,0.9933868940263432,0.9350735524231851,0.9301513699952252,0.8027056473681179,0.1274457226271073,-0.004922182427959942
panel009,perch,20,1974,1.0,0.9860284709440255,0.9924904302671149,0.9743595586119769,0.9359557149184562,0.8806805027832907,0.05527521213516551,-0.03840384369352068
panel009,perch,0,0,10.0,,0.9952607375135659,0.21685322770332574,0.9430199274377683,0.16317500679365626,0.779844920644112,0.7261666997344426
panel010,perch,1,107,10.0,0.9844834364608325,0.9981261565127771,0.5488441744556664,0.9569690596786985,0.40505519766820625,0.5519138620104922,0.40812488522303214
panel010,perch,2,213,10.0,0.9836391904517537,0.9962927710099378,0.7340996397631762,0.9521634566323038,0.5516982611359807,0.4004651954963231,0.21806381686912768
panel010,perch,5,526,1.0,0.9851813601458479,0.9971892347691659,0.9031355743227758,0.9548827199903778,0.7546387102380915,0.2002440097522863,0.05174714566760197
panel010,perch,10,1024,10.0,0.9859584660319113,0.9943784695383318,0.9647296523037338,0.9471145987822518,0.8197676171748481,0.12734698160740365,-0.01761505352148196
panel010,perch,20,1990,1.0,0.9881805083823206,0.9953153912819432,0.9850044255356603,0.950053561945579,0.8587034278654893,0.09135013408008974,-0.03495086359008126
panel010,perch,0,0,10.0,,0.9981261565127771,0.20059812090448306,0.9599349493391282,0.1524635027637242,0.8074714465754039,0.7593368284346451
panel011,perch,1,107,10.0,0.984953922617127,0.9981261565127771,0.5792648291086386,0.9347308391923899,0.45087825091256106,0.4838525882798288,0.3554660100837512
panel011,perch,2,213,1.0,0.9829114070371748,0.9990630782563886,0.7383235692516739,0.927166605478802,0.5944281127481281,0.3327384927306739,0.18884303622712817
panel011,perch,5,529,10.0,0.9850675473623118,0.9990630782563886,0.9036623893071473,0.9338581890935449,0.7599398372290661,0.1739183518644788,0.030195799786397637
panel011,perch,10,1041,1.0,0.9864831172556283,0.9971892347691659,0.9588144653492249,0.9364028028402802,0.8523868067347685,0.08401599610551169,-0.022411662508944663
panel011,perch,20,2014,1.0,0.9878817175688553,0.9981261565127771,0.9792514504646677,0.9350718797231767,0.9095387893229622,0.025533090400214564,-0.044179570741490926
panel011,perch,0,0,1.0,,0.9981261565127771,0.24331504958179984,0.9384466984073476,0.2010876262508541,0.7373590721564935,0.6951316488255478
panel012,perch,1,107,10.0,0.9829867499125191,0.9953153912819432,0.4989486445214878,0.9663603393928037,0.40789563428855224,0.5584647051042515,0.46741169487131595
panel012,perch,2,213,10.0,0.9830371502301004,0.9934296943150854,0.705613656413056,0.9643810559484547,0.5684705290559862,0.39591052689246853,0.25876739953539873
panel012,perch,5,524,10.0,0.9838863217640226,0.9934273520107263,0.865848114191243,0.9552770279199794,0.7630189359734096,0.19225809194656973,0.0894289137287364
panel012,perch,10,1008,10.0,0.9829371472709413,0.9952630798179248,0.9356513085329683,0.955982716362505,0.8521667101545198,0.10381600620798515,0.020331407829536685
panel012,perch,20,1907,1.0,0.9863338211312437,0.9943238157699544,0.9623542467166155,0.956386958375723,0.886455051921936,0.069931906453787,-0.0059672883408925514
panel012,perch,0,0,10.0,,0.9953177335863022,0.1950081628467159,0.9660333456805795,0.19000614515980446,0.7760272005207751,0.7710251828338637
