panel,pipeline,m_swapped,added,removed,train_size,base_train_size,selected_c,val_macro_f1,macro_f1_D,macro_f1_A,macro_f1_B,macro_f1_C,B_minus_C,frozen_B_minus_C
panel001,birdnet,5,527,527,22276,22276,100.0,0.9890900575431438,0.9962927710099377,0.9377558470970498,0.9145195111060805,0.805033154570268,0.10948635653581251,0.7016697214046185
panel001,birdnet,20,2016,2015,22277,22276,10.0,0.9891359472567457,0.9943209602752968,0.9847714810707779,0.9161125959639111,0.8871731270954195,0.028939468868491636,0.7016697214046185
panel002,birdnet,5,531,531,22495,22495,1.0,0.9888967249181565,0.9943720814355345,0.9297678809726192,0.9454937181940349,0.8234296815771409,0.12206403661689402,0.6809080495108131
panel002,birdnet,20,1982,1982,22495,22495,10.0,0.9905913409360553,0.9943666160586967,0.9798842383373451,0.9402514315508732,0.9074153303711298,0.03283610117974345,0.6809080495108131
panel003,birdnet,5,522,522,22357,22357,10.0,0.9893374048913126,0.9953177335863022,0.9282895186569599,0.9308775528328731,0.7955544500770114,0.13532310275586168,0.7195119621388484
panel003,birdnet,20,1917,1908,22366,22357,1.0,0.9900656004659488,0.9953177335863022,0.980187867005378,0.9247643976831689,0.8773180111580521,0.04744638652511679,0.7195119621388484
panel004,birdnet,5,533,533,21388,21388,10.0,0.9907104377250999,0.9961976592571773,0.9246848439287643,0.9346108636086784,0.8017708672414654,0.132839996367213,0.6714162606002121
panel004,birdnet,20,1991,1990,21389,21388,10.0,0.9899118578260098,0.9913394444513336,0.9858240901034802,0.9297181271550157,0.9002762010830541,0.02944192607196161,0.6714162606002121
panel005,birdnet,5,530,530,21566,21566,10.0,0.9895956091057846,0.9953153912819431,0.9242425121945641,0.94759010179269,0.7640724997310016,0.18351760206168843,0.753008168208026
panel005,birdnet,20,1979,1978,21567,21566,10.0,0.9900739815272163,0.9943642737543378,0.9809200312657966,0.9373036179159063,0.8620804132108657,0.07522320470504062,0.753008168208026
panel006,birdnet,5,535,535,20475,20475,100.0,0.9887042571875699,0.9924499722827318,0.9418872116683675,0.9101434360712536,0.8316031838855086,0.07854025218574501,0.7244357836191035
panel006,birdnet,20,2006,2001,20480,20475,1.0,0.9896080039000579,0.9914654236838203,0.9848788474883735,0.9226820384913511,0.9187716557577582,0.003910382733592899,0.7244357836191035
panel007,birdnet,5,517,517,22225,22225,10.0,0.9899683367532337,0.9981261565127771,0.911631039795514,0.9531768496930285,0.8308238146466441,0.1223530350463844,0.696042697174581
panel007,birdnet,20,1893,1892,22226,22225,100.0,0.9895738333176055,0.9962381172415604,0.9710247643654613,0.9389920414282507,0.9079447304177868,0.031047311010463874,0.696042697174581
panel008,birdnet,5,523,523,21759,21759,100.0,0.9908134736949246,0.9971892347691659,0.9376750866744739,0.9253893540451147,0.7954783184529769,0.1299110355921378,0.7006140487638737
panel008,birdnet,20,1925,1925,21759,21759,1.0,0.991511849156318,0.9971892347691659,0.9737118923051042,0.9371874246932133,0.8917364092920124,0.04545101540120089,0.7006140487638737
panel009,birdnet,5,526,526,22364,22364,10.0,0.9903591399443211,0.9962381172415605,0.9367328818361209,0.9391265973407442,0.8018158382253026,0.13731075911544166,0.6979427345238738
panel009,birdnet,20,1974,1969,22369,22364,1.0,0.9899964188991295,0.9962523130255546,0.9866025242692585,0.9311729388301171,0.9057167484105109,0.02545619041960623,0.6979427345238738
panel010,birdnet,5,526,526,20832,20832,10.0,0.9901154766590613,0.9962523130255545,0.9472998746157171,0.952533757137149,0.7743410747419712,0.17819268239517783,0.7344935857087644
panel010,birdnet,20,1990,1985,20837,20832,10.0,0.9903223150637981,0.9952607375135659,0.9849919332457454,0.9410039285605235,0.8895314204442033,0.051472508116320204,0.7344935857087644
panel011,birdnet,5,529,529,22319,22319,1.0,0.9900452117069509,0.9981261565127771,0.9354869242739523,0.933442361534594,0.8064783021411377,0.12696405939345634,0.6835028009358519
panel011,birdnet,20,2014,2013,22320,22319,100.0,0.9892601217049375,0.994404731738721,0.9811801690074888,0.9226580448115026,0.9061443041378999,0.016513740673602673,0.6835028009358519
panel012,birdnet,5,524,524,21625,21625,100.0,0.9885191779828778,0.9934273520107263,0.9355551948156328,0.9366745376479897,0.8157783636288987,0.12089617401909103,0.7018027218213916
panel012,birdnet,20,1907,1902,21630,21625,10.0,0.989380201055301,0.9924435841799344,0.9683064978772757,0.9385802561651062,0.895390644730215,0.043189611434891195,0.7018027218213916
panel001,perch,5,527,527,22276,22276,1.0,0.9837342187262864,0.9981261565127771,0.8638236039058845,0.9350228484229425,0.7565785446172861,0.17844430380565635,0.7879404133374691
panel001,perch,20,2016,2015,22277,22276,1.0,0.9847699068516711,0.993435806852664,0.9701943203960746,0.920057030565168,0.8770206908151915,0.04303633974997645,0.7879404133374691
panel002,perch,5,531,531,22495,22495,10.0,0.9846162639166927,0.9912766729908884,0.8918338817087469,0.945923460591439,0.7770039269760305,0.16891953361540846,0.7558930696268813
panel002,perch,20,1982,1982,22495,22495,10.0,0.9847634442255038,0.9905171119111689,0.9828379004719389,0.9359574174160531,0.9046886647672215,0.031268752648831555,0.7558930696268813
panel003,perch,5,522,522,22357,22357,10.0,0.9833409996368296,0.992490430267115,0.8852657379035377,0.9363663527141964,0.6997597743465692,0.23660657836762722,0.8131472894641754
panel003,perch,20,1917,1908,22366,22357,10.0,0.9838888241294373,0.9923953185143545,0.9732706626502473,0.9279814060729641,0.8561767551176321,0.07180465095533195,0.8131472894641754
panel004,perch,5,533,533,21388,21388,10.0,0.9849040431892264,0.9933840385316856,0.9033046838485049,0.9280656862395138,0.7553665537169184,0.1726991325225954,0.7795407909844393
panel004,perch,20,1991,1990,21389,21388,10.0,0.9829686750413684,0.985407401410203,0.9753950947637473,0.9161929432076229,0.886731296665842,0.02946164654178085,0.7795407909844393
panel005,perch,5,530,530,21566,21566,1.0,0.983101420688682,0.9953153912819432,0.8683885678718632,0.9405884385855702,0.6846667887688472,0.25592164981672294,0.7974706055796457
panel005,perch,20,1979,1978,21567,21566,10.0,0.9853507024513257,0.9924927725714741,0.9750769884836556,0.9394577223039942,0.8334848822737282,0.10597284003026597,0.7974706055796457
panel006,perch,5,535,535,20475,20475,10.0,0.979350080616158,0.9895400495006988,0.8935906858284535,0.9291386145403869,0.7741976354989516,0.15494097904143533,0.7844313109952147
panel006,perch,20,2006,2001,20480,20475,10.0,0.9834472320922257,0.9895892378922385,0.9811273986311696,0.9175056497506219,0.9101834235439217,0.0073222262067002,0.7844313109952147
panel007,perch,5,517,517,22225,22225,1.0,0.9836741980582111,0.9961976592571773,0.8835693764569992,0.947216090124596,0.7701757797812536,0.17704031034334233,0.7860992454472
panel007,perch,20,1893,1892,22226,22225,1.0,0.9839970551989939,0.9914555412760854,0.9646607776999787,0.9380570640224963,0.885314909627516,0.05274215439498031,0.7860992454472
panel008,perch,5,523,523,21759,21759,1.0,0.9844757637237109,1.0,0.9025820935094316,0.9292389584750587,0.7687274297233436,0.16051152875171504,0.7745407563790387
panel008,perch,20,1925,1925,21759,21759,1.0,0.9864593455550434,0.9971892347691659,0.9733930716975188,0.9328100822790112,0.8931671538189566,0.03964292846005457,0.7745407563790387
panel009,perch,5,526,526,22364,22364,10.0,0.9822437583295285,0.9933868940263431,0.896777770448363,0.9393674615687237,0.748680604765056,0.1906868568036677,0.779844920644112
panel009,perch,20,1974,1969,22369,22364,10.0,0.9825615242565113,0.9914988547551263,0.9714515606112443,0.9371511823829843,0.8888361171245499,0.04831506525843443,0.779844920644112
panel010,perch,5,526,526,20832,20832,10.0,0.9836623840608137,0.9953153912819432,0.9099040391924554,0.9503567365724132,0.7484229481163927,0.2019337884560205,0.8074714465754039
panel010,perch,20,1990,1985,20837,20832,1.0,0.9859070202439847,0.9924499722827317,0.9830800534078796,0.9400038950901414,0.8721426580867607,0.06786123700338065,0.8074714465754039
panel011,perch,5,529,529,22319,22319,10.0,0.9851577667336195,0.9952630798179248,0.910214708872998,0.9380190721354988,0.7806569890561332,0.1573620830793656,0.7373590721564935
panel011,perch,20,2014,2013,22320,22319,1.0,0.9855021185993321,0.9951417851941563,0.9839939696309592,0.9343148705506755,0.915718518562769,0.018596351987906545,0.7373590721564935
panel012,perch,5,524,524,21625,21625,10.0,0.9819506064565138,0.9943784695383318,0.8673465687790358,0.9589513721131981,0.7719604998973204,0.18699087221587773,0.7760272005207751
panel012,perch,20,1907,1902,21630,21625,1.0,0.9818572432493482,0.988647631539909,0.9611757837083443,0.947197256703228,0.8861008382995341,0.06109641840369384,0.7760272005207751
